DATA;BTTS;IN LIVE?;Odd J;Odd M;Juice;EV;Stake;Lucro Max;Profit;Jogo;EV (R$);OBS;ROI;Match ID;Liga;Regiao;Horario;DATA_DISPLAY
2026-04-24;Sim;S;2.17;2.25;0,00%;3,69%;1.0;1,25;1.25;Montevideo City Torque vs Boston River;R$ 0,04;;125.0;193284037;Uruguay Apertura;Uruguay;19:30;24/04/2026
2026-04-24;Sim;S;2.36;2.75;0,00%;16,53%;1.0;1,75;1.75;Racing Club v Barracas Central;R$ 0,17;;175.0;192612583;Argentina Liga Profesional;Argentina;21:30;24/04/2026
2026-04-25;Sim;;2.04;2.0;0,00%;-1,96%;1.0;1,00;-1.0;Jubilo Iwata vs FC Gifu;-R$ 0,02;;-100.0;193116534;Japan J2/J3 Centennial League;Japan;01:00;25/04/2026
2026-04-25;Sim;;2.12;2.2;0,00%;3,77%;1.0;1,20;-1.0;Fagiano Okayama vs Avispa Fukuoka;R$ 0,04;;-100.0;192940712;Japan J-League;Japan;02:00;25/04/2026
2026-04-25;Sim;;2.18;2.1;0,00%;-3,67%;1.0;1,10;-1.0;Guangxi Hengchen vs Nanjing City;-R$ 0,04;;-100.0;193451533;China Division 1;China;08:30;25/04/2026
2026-04-25;Sim;;2.26;2.1;0,00%;-7,08%;1.0;1,10;-1.0;BG Pathum United vs Nakhon Ratchasima;-R$ 0,07;;-100.0;193377337;Thailand Premier League;Thailand;08:30;25/04/2026
2026-04-25;Sim;;2.3;2.2;0,00%;-4,35%;1.0;1,20;-1.0;HNK Cibalia vs Bijelo Brdo;-R$ 0,04;;-100.0;193387188;Croatia 1.NL;Croatia;08:45;25/04/2026
2026-04-25;Sim;;2.26;2.25;0,00%;-0,44%;1.0;1,25;1.25;CSKA Sofia vs Levski Sofia;R$ 0,00;;125.0;193190489;Bulgaria First League;Bulgaria;10:00;25/04/2026
2026-04-25;Sim;S;2.15;2.2;0,00%;2,33%;1.0;1,20;-1.0;Parma vs Pisa;R$ 0,02;;-100.0;192613392;Italy Serie A;Italy;10:00;25/04/2026
2026-04-25;Sim;S;2.11;2.2;0,00%;4,27%;1.0;1,20;-1.0;Virtus Entella vs Padova;R$ 0,04;;-100.0;192940673;Italy Serie B;Italy;10:00;25/04/2026
2026-04-25;Sim;;2.28;2.2;0,00%;-3,51%;1.0;1,20;1.2;Amazulu vs Chippa United;-R$ 0,04;;120.0;193113492;South Africa Premier;South Africa;10:00;25/04/2026
2026-04-25;Sim;;2.09;2.0;0,00%;-4,31%;1.0;1,00;1.0;Omonia Aradippou vs Krasava ENY Ypsonas;-R$ 0,04;;100.0;192941055;Cyprus Division 1;Cyprus;11:00;25/04/2026
2026-04-25;Sim;;2.24;2.5;0,00%;11,61%;1.0;1,50;1.5;Eibar (W) vs Levante UD (W);R$ 0,12;;150.0;193445086;Spain Primera Women;Spain;11:00;25/04/2026
2026-04-25;Sim;;1.98;2.2;0,00%;11,11%;1.0;1,20;1.2;NK Dubrava Zagreb vs NK Sesvete;R$ 0,11;;120.0;193398646;Croatia 1.NL;Croatia;12:00;25/04/2026
2026-04-25;Sim;;2.14;2.1;0,00%;-1,87%;1.0;1,10;-1.0;FC Rukh Lviv vs Karpaty Lviv;-R$ 0,02;;-100.0;193376565;Ukraine Vyscha Liga;Ukraine;12:00;25/04/2026
2026-04-25;Sim;S;2.14;2.2;0,00%;2,80%;1.0;1,20;1.2;Burgos v Deportivo La Coruna;R$ 0,03;;120.0;192612871;Spain Segunda;Spain;13:30;25/04/2026
2026-04-25;Sim;;2.17;2.25;0,00%;3,69%;1.0;1,25;1.25;UTS Rabat vs OC Safi;R$ 0,04;;125.0;193445267;Morocco GNF 1;Morocco;14:00;25/04/2026
2026-04-25;Sim;;2.07;2.25;0,00%;8,70%;1.0;1,25;-1.0;Gotham FC (W) vs Bay FC (W);R$ 0,09;;-100.0;193438024;USA NWSL Women;USA;14:00;25/04/2026
2026-04-25;Sim;;2.06;2.1;0,00%;1,94%;1.0;1,10;1.1;CA Brown de Adrogue vs Villa San Carlos;R$ 0,02;;110.00000000000001;193439921;Argentina Primera B Metropolitana;Argentina;15:00;25/04/2026
2026-04-25;Sim;;2.27;2.37;0,00%;4,41%;1.0;1,37;-1.0;CA San Telmo vs All Boys;R$ 0,04;;-100.0;192937273;Argentina Nacional B;Argentina;15:30;25/04/2026
2026-04-25;Sim;;2.18;2.25;0,00%;3,21%;1.0;1,25;-1.0;CSD Flandria vs Sportivo Italiano;R$ 0,03;;-100.0;193449965;Argentina Primera B Metropolitana;Argentina;15:30;25/04/2026
2026-04-25;Sim;;2.06;2.25;0,00%;9,22%;1.0;1,25;1.25;CA Lugano vs Club Leandro N. Alem;R$ 0,09;;125.0;193496111;Argentina Primera C Metropolitana;Argentina;15:30;25/04/2026
2026-04-25;Sim;;2.07;2.1;0,00%;1,45%;1.0;1,10;-1.0;ABECAT Ouvidorense vs CRAC;R$ 0,01;;-100.0;193441307;Brazil Serie D;Brazil;16:00;25/04/2026
2026-04-25;Sim;;2.09;2.1;0,00%;0,48%;1.0;1,10;-1.0;Fluminense PI vs CEFAT Tirol;R$ 0,00;;-100.0;193494786;Brazil Serie D;Brazil;16:00;25/04/2026
2026-04-25;Sim;;2.3;2.37;0,00%;3,04%;1.0;1,37;-1.0;Iguatu vs Maracanã;R$ 0,03;;-100.0;193494782;Brazil Serie D;Brazil;16:00;25/04/2026
2026-04-25;Sim;;2.19;2.25;0,00%;2,74%;1.0;1,25;1.25;Manauara vs Nacional AM;R$ 0,03;;125.0;193441339;Brazil Serie D;Brazil;16:30;25/04/2026
2026-04-25;Sim;;2.04;2.2;0,00%;7,84%;1.0;1,20;1.2;Itabaiana vs Paysandu;R$ 0,08;;120.0;193386729;Brazil Serie C;Brazil;17:00;25/04/2026
2026-04-25;Sim;;2.02;2.2;0,00%;8,91%;1.0;1,20;1.2;Sergipe vs Lagarto;R$ 0,09;;120.0;193447813;Brazil Serie D;Brazil;17:00;25/04/2026
2026-04-25;Sim;;1.89;2.0;0,00%;5,82%;1.0;1,00;1.0;Treze vs Serra Branca;R$ 0,06;;100.0;193494814;Brazil Serie D;Brazil;17:00;25/04/2026
2026-04-25;Sim;;2.28;2.37;0,00%;3,95%;1.0;1,37;-1.0;San Martin SJ vs Quilmes;R$ 0,04;;-100.0;192937313;Argentina Nacional B;Argentina;17:30;25/04/2026
2026-04-25;Sim;;2.02;2.2;0,00%;8,91%;1.0;1,20;-1.0;Defensores Puerto Vilelas vs Juventud Antoniana;R$ 0,09;;-100.0;193503200;Argentina Torneo A;Argentina;17:30;25/04/2026
2026-04-25;Sim;;1.94;2.1;0,00%;8,25%;1.0;1,10;-1.0;Comerciantes Unidos vs Sporting Cristal;R$ 0,08;;-100.0;192943469;Peru Liga 1;Peru;17:30;25/04/2026
2026-04-25;Sim;;2.06;2.25;0,00%;9,22%;1.0;1,25;-1.0;Atletico Rafaela vs Gimnasia Jujuy;R$ 0,09;;-100.0;192937279;Argentina Nacional B;Argentina;18:00;25/04/2026
2026-04-25;Sim;;2.29;2.62;0,00%;14,41%;1.0;1,62;1.62;Luverdense vs EC Primavera MT;R$ 0,14;;162.0;193494808;Brazil Serie D;Brazil;18:00;25/04/2026
2026-04-25;Sim;;2.17;2.2;0,00%;1,38%;1.0;1,20;-1.0;Manaus vs Sao Raimundo RR;R$ 0,01;;-100.0;193441342;Brazil Serie D;Brazil;18:00;25/04/2026
2026-04-25;Sim;;2.17;2.2;0,00%;1,38%;1.0;1,20;-1.0;Sao Jose RS vs Brasil de Pelotas;R$ 0,01;;-100.0;193487517;Brazil Serie D;Brazil;18:00;25/04/2026
2026-04-25;Sim;;2.26;3.0;0,00%;32,74%;1.0;2,00;2.0;Botafogo PB vs Floresta;R$ 0,33;;200.0;193386736;Brazil Serie C;Brazil;19:30;25/04/2026
2026-04-26;Sim;;2.2;2.2;0,00%;0,00%;1.0;1,20;-1.0;Vanraure Hachinohe vs Blaublitz Akita;R$ 0,00;;-100.0;193116605;Japan J2/J3 Centennial League;Japan;01:00;26/04/2026
2026-04-26;Sim;;1.89;2.0;0,00%;5,82%;1.0;1,00;1.0;Kochi United vs Tokushima Vortis;R$ 0,06;;100.0;193116612;Japan J2/J3 Centennial League;Japan;02:00;26/04/2026
2026-04-26;Sim;;1.75;1.9;0,00%;8,57%;1.0;0,90;0.9;Deportivo La Coruna (W) vs Alhama CF (W);R$ 0,09;;90.0;193544767;Spain Primera Women;Spain;07:00;26/04/2026
2026-04-26;Sim;;2.17;2.1;0,00%;-3,23%;1.0;1,10;-1.0;NK Croatia Zmijavci vs NK Rudes;-R$ 0,03;;-100.0;193440605;Croatia 1.NL;Croatia;08:15;26/04/2026
2026-04-26;Sim;;2.34;2.37;0,00%;1,28%;1.0;1,37;1.37;LNZ Cherkasy vs FC Metalist 1925;R$ 0,01;;137.0;193376573;Ukraine Vyscha Liga;Ukraine;09:30;26/04/2026
2026-04-26;Sim;;2.46;2.5;0,00%;1,63%;1.0;1,50;-1.0;Polokwane City vs Stellenbosch FC;R$ 0,02;;-100.0;193113525;South Africa Premier;South Africa;10:00;26/04/2026
2026-04-26;Sim;;2.16;2.37;0,00%;9,72%;1.0;1,37;1.37;Orlando Pirates vs Kaizer Chiefs;R$ 0,10;;137.0;193113517;South Africa Premier;South Africa;10:50;26/04/2026
2026-04-26;Sim;;2.07;2.1;0,00%;1,45%;1.0;1,10;1.1;Ourense CF vs Zamora CF;R$ 0,01;;110.00000000000001;193108439;Spain Primera Division RFEF Group 1;Spain;11:00;26/04/2026
2026-04-26;Sim;;2.06;2.2;0,00%;6,80%;1.0;1,20;-1.0;SD Tarazona vs Juventud Torremolinos CF;R$ 0,07;;-100.0;193109479;Spain Primera Division RFEF Group 2;Spain;11:00;26/04/2026
2026-04-26;Sim;;2.37;2.62;0,00%;10,55%;1.0;1,62;1.62;Renaissance Zemamra vs MAS Fes;R$ 0,11;;162.0;193504186;Morocco GNF 1;Morocco;12:00;26/04/2026
2026-04-26;Sim;;2.24;2.5;0,00%;11,61%;1.0;1,50;1.5;Deportivo Armenio vs San Martin De Burzaco;R$ 0,12;;150.0;193438204;Argentina Primera B Metropolitana;Argentina;13:00;26/04/2026
2026-04-26;Sim;;2.07;2.1;0,00%;1,45%;1.0;1,10;-1.0;Samail vs Al Khaburah;R$ 0,01;;-100.0;193504997;Oman League;Oman;13:25;26/04/2026
2026-04-26;Sim;;2.19;2.2;0,00%;0,46%;1.0;1,20;-1.0;Larissa vs Panserraikos;R$ 0,00;;-100.0;192941147;Greece Super League 1;Greece;14:00;26/04/2026
2026-04-26;Sim;;2.33;2.37;0,00%;1,72%;1.0;1,37;1.37;Estrela Amadora vs FC Porto;R$ 0,02;;137.0;192943772;Portugal Primeira Liga;Portugal;14:00;26/04/2026
2026-04-26;Sim;;2.13;2.1;0,00%;-1,41%;1.0;1,10;1.1;Santa Clara vs Braga;-R$ 0,01;;110.00000000000001;192943785;Portugal Primeira Liga;Portugal;14:00;26/04/2026
2026-04-26;Sim;;2.14;2.2;0,00%;2,80%;1.0;1,20;-1.0;Guarany de Bage vs Sao Luiz;R$ 0,03;;-100.0;193436006;Brazil Serie D;Brazil;15:00;26/04/2026
2026-04-26;Sim;;2.06;2.2;0,00%;6,80%;1.0;1,20;-1.0;Juazeirense vs ASA;R$ 0,07;;-100.0;193436015;Brazil Serie D;Brazil;15:30;26/04/2026
2026-04-26;Sim;;1.77;1.9;0,00%;7,34%;1.0;0,90;0.9;Racing Ferrol vs Real Aviles CF;R$ 0,07;;90.0;193108456;Spain Primera Division RFEF Group 1;Spain;15:30;26/04/2026
2026-04-26;Sim;;2.23;2.25;0,00%;0,90%;1.0;1,25;1.25;Ceara vs Vila Nova;R$ 0,01;;125.0;193005585;Brazil Serie B;Brazil;18:00;26/04/2026
2026-04-26;Sim;;2.15;2.2;0,00%;2,33%;1.0;1,20;1.2;Athletico Paranaense vs Vitoria;R$ 0,02;;120.0;192938360;Brazil Serie A;Brazil;18:30;26/04/2026
2026-04-26;Sim;;1.83;1.9;0,00%;3,83%;1.0;0,90;0.9;Ituano vs Maringa;R$ 0,04;;90.0;193438850;Brazil Serie C;Brazil;19:00;26/04/2026
2026-04-26;Sim;;2.13;2.25;0,00%;5,63%;1.0;1,25;-1.0;Internacional de Bogota vs Boyaca Chico;R$ 0,06;;-100.0;192608408;Colombia Primera A;Colombia;22:20;26/04/2026
2026-04-27;Sim;;2.12;2.5;0,00%;17,92%;1.0;1,50;1.5;Bahla vs Oman FC;R$ 0,18;;150.0;193545567;Oman League;Oman;10:50;27/04/2026
2026-04-27;Sim;;2.24;2.5;0,00%;11,61%;1.0;1,50;-1.0;El Zamalek vs Enppi;R$ 0,12;;-100.0;193548679;Egypt Division 1;Egypt;11:00;27/04/2026
2026-04-27;Sim;;2.11;2.2;0,00%;4,27%;1.0;1,20;-1.0;Smouha vs El Masry;R$ 0,04;;-100.0;193548673;Egypt Division 1;Egypt;11:00;27/04/2026
2026-04-27;Sim;;2.34;2.37;0,00%;1,28%;1.0;1,37;1.37;Caxias vs Ypiranga RS;R$ 0,01;;137.0;193487463;Brazil Serie C;Brazil;20:00;27/04/2026
2026-04-28;Sim;;2.28;3.0;0,00%;31,58%;1.0;2,00;2.0;Al Moqawloon Al Arab vs Ghazl El Mahallah;R$ 0,32;;200.0;193655707;Egypt Division 1;Egypt;14:00;28/04/2026
2026-04-28;Sim;;2.28;2.62;0,00%;14,91%;1.0;1,62;1.62;MC Alger vs Olympique Akbou;R$ 0,15;;162.0;193671236;Algeria Division 1;Algeria;16:00;28/04/2026
2026-04-28;Sim;;2.72;2.75;0,00%;1,10%;1.0;1,75;-1.0;Lanus vs LDU Quito;R$ 0,01;;-100.0;192731524;Copa Libertadores;International (South America);19:00;28/04/2026
2026-04-28;Sim;;2.05;2.25;0,00%;9,76%;1.0;1,25;1.25;San Lorenzo vs Santos;R$ 0,10;;125.0;192951057;Copa Sudamericana;International (South America);19:00;28/04/2026
2026-04-28;Sim;;2.08;2.1;0,00%;0,96%;1.0;1,10;-1.0;UCV vs Rosario Central;R$ 0,01;;-100.0;192731552;Copa Libertadores;International (South America);21:00;28/04/2026
2026-04-28;Sim;;2.15;2.25;0,00%;4,65%;1.0;1,25;1.25;Barracas Central vs Audax Italiano;R$ 0,05;;125.0;192951062;Copa Sudamericana;International (South America);21:00;28/04/2026
2026-04-28;Sim;;2.08;2.25;0,00%;8,17%;1.0;1,25;-1.0;Deportes Tolima vs Coquimbo Unido;R$ 0,08;;-100.0;192731571;Copa Libertadores;International (South America);23:00;28/04/2026
2026-04-29;Sim;;1.95;2.0;0,00%;2,56%;1.0;1,00;1.0;Avispa Fukuoka vs Sanfrecce Hiroshima;R$ 0,03;;100.0;192940742;Japan J-League;Japan;02:00;29/04/2026
2026-04-29;Sim;;1.95;2.2;0,00%;12,82%;1.0;1,20;1.2;Yokohama FC vs Vanraure Hachinohe;R$ 0,13;;120.0;193118194;Japan J2/J3 Centennial League;Japan;02:00;29/04/2026
2026-04-29;Sim;;1.84;1.95;0,00%;5,98%;1.0;0,95;0.95;Nagoya Grampus vs Fagiano Okayama;R$ 0,06;;95.0;192940752;Japan J-League;Japan;03:00;29/04/2026
2026-04-29;Sim;;2.23;2.62;0,00%;17,49%;1.0;1,62;-1.0;FUS Rabat vs CODM Meknes;R$ 0,17;;-100.0;193662069;Morocco GNF 1;Morocco;12:00;29/04/2026
2026-04-29;Sim;;2.18;2.2;0,00%;0,92%;1.0;1,20;-1.0;Maccabi Bnei Raina vs Hapoel Jerusalem FC;R$ 0,01;;-100.0;193715387;Israel Premier League;Israel;13:00;29/04/2026
2026-04-29;Sim;;2.22;2.37;0,00%;6,76%;1.0;1,37;1.37;JS Kabylie vs MC Oran;R$ 0,07;;137.0;193703559;Algeria Division 1;Algeria;13:45;29/04/2026
2026-04-29;Sim;;2.6;2.75;0,00%;5,77%;1.0;1,75;-1.0;Modern Sport FC vs Talaea El Geish;R$ 0,06;;-100.0;193709686;Egypt Division 1;Egypt;14:00;29/04/2026
2026-04-29;Sim;;2.06;2.5;0,00%;21,36%;1.0;1,50;-1.0;MAS Fes vs HUSA Agadir;R$ 0,21;;-100.0;193662104;Morocco GNF 1;Morocco;16:00;29/04/2026
2026-04-29;Sim;;2.38;2.62;0,00%;10,08%;1.0;1,62;1.62;Platense vs Independiente Santa Fe;R$ 0,10;;162.0;192731578;Copa Libertadores;International (South America);19:00;29/04/2026
2026-04-29;Sim;;2.09;2.2;0,00%;5,26%;1.0;1,20;1.2;Caracas vs Racing Club;R$ 0,05;;120.0;192951073;Copa Sudamericana;International (South America);19:00;29/04/2026
2026-04-29;Sim;;2.1;2.1;0,00%;0,00%;1.0;1,10;1.1;Chapecoense vs America MG;R$ 0,00;;110.00000000000001;193708327;Brazil Copa Sul-Sudeste;Brazil;19:30;29/04/2026
2026-04-29;Sim;;2.17;2.2;0,00%;1,38%;1.0;1,20;1.2;Novorizontino vs Avai;R$ 0,01;;120.0;193708329;Brazil Copa Sul-Sudeste;Brazil;21:15;29/04/2026
2026-04-29;Sim;;2.26;2.5;0,00%;10,62%;1.0;1,50;1.5;Botafogo PB vs Fluminense PI;R$ 0,11;;150.0;193711077;Brazil Copa Nordeste;Brazil;21:30;29/04/2026
2026-04-29;Sim;;2.17;2.25;0,00%;3,69%;1.0;1,25;1.25;Juazeirense vs ASA;R$ 0,04;;125.0;193711120;Brazil Copa Nordeste;Brazil;21:30;29/04/2026
2026-04-29;Sim;;2.17;2.25;0,00%;3,69%;1.0;1,25;1.25;Maranhao vs Ceara;R$ 0,04;;125.0;193711113;Brazil Copa Nordeste;Brazil;21:30;29/04/2026
2026-04-29;Sim;;1.94;2.05;0,00%;5,67%;1.0;1,05;1.05;Universitario de Deportes vs Nacional De Football;R$ 0,06;;105.0;192731589;Copa Libertadores;International (South America);23:00;29/04/2026
2026-04-30;Sim;;2.19;2.5;0,00%;14,16%;1.0;1,50;1.5;Difaa El Jadida vs Renaissance Zemamra;R$ 0,14;;150.0;193724582;Morocco GNF 1;Morocco;12:00;30/04/2026
2026-04-30;Sim;;1.95;1.96;0,00%;0,51%;1.0;0,96;0.96;Braga vs SC Freiburg;R$ 0,01;;96.0;193126975;UEFA Europa League;International (Europe);16:00;30/04/2026
2026-04-30;Sim;;1.8;1.95;0,00%;8,33%;1.0;0,95;-1.0;Bolivar vs Fluminense;R$ 0,08;;-100.0;192731591;Copa Libertadores;International (South America);19:00;30/04/2026
2026-04-30;Sim;;1.81;2.0;0,00%;10,50%;1.0;1,00;-1.0;Carabobo vs Blooming;R$ 0,10;;-100.0;192951100;Copa Sudamericana;International (South America);19:00;30/04/2026
2026-04-30;Sim;;2.59;2.75;0,00%;6,18%;1.0;1,75;-1.0;Corinthians vs Penarol;R$ 0,06;;-100.0;192731597;Copa Libertadores;International (South America);21:00;30/04/2026
2026-04-30;Sim;;2.28;2.37;0,00%;3,95%;1.0;1,37;-1.0;Alianza Atletico vs Macara;R$ 0,04;;-100.0;192951152;Copa Sudamericana;International (South America);23:00;30/04/2026
2026-05-01;Sim;S;1.86;2.2;0,00%;18,28%;1.0;1,20;-1.0;FK Csikszereda Miercurea Ciuc vs FCSB;R$ 0,18;;-100.0;193330016;Romania Liga I;Romania;14:30;01/05/2026
2026-05-01;Sim;;2.1;2.05;0,00%;-2,38%;1.0;1,05;1.05;Pisa vs Lecce;-R$ 0,02;;105.0;193004668;Italy Serie A;Italy;15:45;01/05/2026
2026-05-01;Sim;;2.07;2.1;0,00%;1,45%;1.0;1,10;-1.0;Cork City vs Cobh Ramblers;R$ 0,01;;-100.0;193770858;Republic of Ireland First Division;Ireland;15:45;01/05/2026
2026-05-01;Sim;;2.0;2.0;0,00%;0,00%;1.0;1,00;-1.0;Libertad Asuncion vs Sportivo San Lorenzo;R$ 0,00;;-100.0;193394406;Paraguay Division Profesional;Paraguay;20:00;01/05/2026
2026-05-02;Sim;;1.74;1.9;0,00%;9,20%;1.0;0,90;0.9;Yokohama F-Marinos vs Mito Hollyhock;R$ 0,09;;90.0;192940795;Japan J-League;Japan;02:00;02/05/2026
2026-05-02;Sim;;2.35;2.2;0,00%;-6,38%;1.0;1,20;1.2;Sagan Tosu vs Tegevajaro Miyazaki;-R$ 0,06;;120.0;193200084;Japan J2/J3 Centennial League;Japan;02:00;02/05/2026
2026-05-02;Sim;;2.18;2.1;0,00%;-3,67%;1.0;1,10;1.1;Vegalta Sendai vs Blaublitz Akita;-R$ 0,04;;110.00000000000001;193200094;Japan J2/J3 Centennial League;Japan;02:00;02/05/2026
2026-05-02;Sim;;1.75;1.83;0,00%;4,57%;1.0;0,83;0.83;Yokohama FC vs Sagamihara;R$ 0,05;;83.0;193200096;Japan J2/J3 Centennial League;Japan;02:00;02/05/2026
2026-05-02;Sim;;1.83;1.83;0,00%;0,00%;1.0;0,83;0.83;Sutherland Sharks vs Marconi Stallions;R$ 0,00;;83.0;193417521;Australia New South Wales Premier League;Australia;03:00;02/05/2026
2026-05-02;Sim;;2.03;2.0;0,00%;-1,48%;1.0;1,00;1.0;Yanbian Longding vs Wuxi Wugo;-R$ 0,01;;100.0;193771670;China Division 1;China;04:00;02/05/2026
2026-05-02;Sim;;1.95;1.9;0,00%;-2,56%;1.0;0,90;-1.0;Nagano Parceiro vs Fujieda MYFC;-R$ 0,03;;-100.0;193200100;Japan J2/J3 Centennial League;Japan;06:00;02/05/2026
2026-05-02;Sim;;2.16;2.1;0,00%;-2,78%;1.0;1,10;-1.0;FK Riteriai vs FK Transinvest;-R$ 0,03;;-100.0;193744314;Lithuania A Lyga;Lithuania;08:15;02/05/2026
2026-05-02;Sim;;2.01;1.9;0,00%;-5,47%;1.0;0,90;0.9;Sirius vs Kalmar FF;-R$ 0,05;;90.0;192946937;Sweden Allsvenskan;Sweden;10:00;02/05/2026
2026-05-02;Sim;;1.86;1.83;0,00%;-1,61%;1.0;0,83;0.83;HNK Gorica vs Dinamo Zagreb;-R$ 0,02;;83.0;193340866;Croatia HNL;Croatia;11:00;02/05/2026
2026-05-02;Sim;;2.28;2.25;0,00%;-1,32%;1.0;1,25;-1.0;Stevenage vs Wigan;-R$ 0,01;;-100.0;192500310;England League 1;England;11:00;02/05/2026
2026-05-02;Sim;;2.14;2.1;0,00%;-1,87%;1.0;1,10;1.1;Sohar Club vs Bahla;-R$ 0,02;;110.00000000000001;193782404;Oman League;Oman;11:00;02/05/2026
2026-05-02;Sim;;1.78;1.8;0,00%;1,12%;1.0;0,80;-1.0;Valencia vs Atletico Madrid;R$ 0,01;;-100.0;192946792;Spain La Liga;Spain;11:15;02/05/2026
2026-05-02;Sim;;2.71;2.75;0,00%;1,48%;1.0;1,75;1.75;Gimnastic vs Sevilla Atletico;R$ 0,01;;175.0;193109778;Spain Primera Division RFEF Group 2;Spain;11:15;02/05/2026
2026-05-02;Sim;S;2.08;2.2;0,00%;5,77%;1.0;1,20;1.2;Cultural Leonesa vs Cadiz;R$ 0,06;;120.0;192946427;Spain Segunda;Spain;11:15;02/05/2026
2026-05-02;Sim;;2.17;2.1;0,00%;-3,23%;1.0;1,10;1.1;Panserraikos vs Larissa;-R$ 0,03;;110.00000000000001;193199371;Greece Super League 1;Greece;11:30;02/05/2026
2026-05-02;Sim;;2.01;1.95;0,00%;-2,99%;1.0;0,95;0.95;FC Arouca vs Santa Clara;-R$ 0,03;;95.0;192943796;Portugal Primeira Liga;Portugal;11:30;02/05/2026
2026-05-02;Sim;;2.01;2.05;0,00%;1,99%;1.0;1,05;-1.0;Grazer AK vs WSG Swarovski Tirol;R$ 0,02;;-100.0;193189523;Austria Bundesliga;Austria;12:00;02/05/2026
2026-05-02;Sim;;2.11;2.1;0,00%;-0,47%;1.0;1,10;-1.0;Orijent vs NK Croatia Zmijavci;R$ 0,00;;-100.0;193775496;Croatia 1.NL;Croatia;12:00;02/05/2026
2026-05-02;Sim;;2.11;2.1;0,00%;-0,47%;1.0;1,10;-1.0;Orijent vs NK Croatia Zmijavci;R$ 0,00;;-100.0;193775496;Croatia 1.NL;Croatia;12:00;02/05/2026
2026-05-02;Sim;;1.9;1.8;0,00%;-5,26%;1.0;0,80;0.8;GIF Sundsvall vs IK Oddevold;-R$ 0,05;;80.0;192947584;Sweden Superettan;Sweden;12:00;02/05/2026
2026-05-02;Sim;;2.04;2.1;0,00%;2,94%;1.0;1,10;-1.0;Karpaty Lviv vs LNZ Cherkasy;R$ 0,03;;-100.0;193758226;Ukraine Vyscha Liga;Ukraine;12:00;02/05/2026
2026-05-02;Sim;;1.82;1.8;0,00%;-1,10%;1.0;0,80;0.8;Audax Italiano vs Union La Calera;-R$ 0,01;;80.0;193826426;Chile Copa de la Liga;Chile;13:30;02/05/2026
2026-05-02;Sim;;1.79;1.8;0,00%;0,56%;1.0;0,80;-1.0;Betis Deportivo vs Antequera;R$ 0,01;;-100.0;193109785;Spain Primera Division RFEF Group 2;Spain;13:30;02/05/2026
2026-05-02;Sim;;1.97;2.0;0,00%;1,52%;1.0;1,00;-1.0;America RJ vs Pouso Alegre;R$ 0,02;;-100.0;193773184;Brazil Serie D;Brazil;15:00;02/05/2026
2026-05-02;Sim;;2.53;2.62;0,00%;3,56%;1.0;1,62;1.62;CA Estudiantes Caseros vs CA San Telmo;R$ 0,04;;162.0;193186971;Argentina Nacional B;Argentina;15:30;02/05/2026
2026-05-02;Sim;;2.54;2.62;0,00%;3,15%;1.0;1,62;-1.0;Deportivo Camioneros vs CSD Flandria;R$ 0,03;;-100.0;193773078;Argentina Primera B Metropolitana;Argentina;15:30;02/05/2026
2026-05-02;Sim;;2.18;2.5;0,00%;14,68%;1.0;1,50;1.5;Real Pilar vs Argentino Merlo;R$ 0,15;;150.0;193814955;Argentina Primera B Metropolitana;Argentina;15:30;02/05/2026
2026-05-02;Sim;;2.19;2.75;0,00%;25,57%;1.0;1,75;-1.0;Sportivo Italiano vs Deportivo Armenio;R$ 0,26;;-100.0;193814951;Argentina Primera B Metropolitana;Argentina;15:30;02/05/2026
2026-05-02;Sim;;2.6;2.75;0,00%;5,77%;1.0;1,75;-1.0;Central Cordoba Rosario vs Fenix;R$ 0,06;;-100.0;193820535;Argentina Primera C Metropolitana;Argentina;15:30;02/05/2026
2026-05-02;Sim;;2.15;2.25;0,00%;4,65%;1.0;1,25;-1.0;Deportivo Paraguayo vs Defensores de Cambaceres;R$ 0,05;;-100.0;193820490;Argentina Primera C Metropolitana;Argentina;15:30;02/05/2026
2026-05-02;Sim;;2.37;2.5;0,00%;5,49%;1.0;1,50;-1.0;Independiente Chivilcoy vs Sportivo Belgrano;R$ 0,05;;-100.0;193828067;Argentina Torneo A;Argentina;15:30;02/05/2026
2026-05-02;Sim;;1.89;1.9;0,00%;0,53%;1.0;0,90;0.9;Botafogo vs Remo;R$ 0,01;;90.0;193191377;Brazil Serie A;Brazil;16:00;02/05/2026
2026-05-02;Sim;;2.05;2.1;0,00%;2,44%;1.0;1,10;-1.0;Agua Santa vs Portuguesa RJ;R$ 0,02;;-100.0;193773187;Brazil Serie D;Brazil;16:00;02/05/2026
2026-05-02;Sim;;2.64;2.62;0,00%;-0,76%;1.0;1,62;-1.0;CODM Meknes vs MAS Fes;-R$ 0,01;;-100.0;193830060;Morocco GNF 1;Morocco;16:00;02/05/2026
2026-05-02;Sim;;1.85;1.83;0,00%;-1,08%;1.0;0,83;-1.0;Real Madrid Castilla vs Unionistas de Salamanca CF;-R$ 0,01;;-100.0;193108874;Spain Primera Division RFEF Group 1;Spain;16:00;02/05/2026
2026-05-02;Sim;;1.9;1.91;0,00%;0,53%;1.0;0,91;0.91;Eibar vs Malaga;R$ 0,01;;91.0;192946435;Spain Segunda;Spain;16:00;02/05/2026
2026-05-02;Sim;;2.12;2.5;0,00%;17,92%;1.0;1,50;-1.0;Brasil de Pelotas vs Marcilio Dias;R$ 0,18;;-100.0;193774287;Brazil Serie D;Brazil;18:00;02/05/2026
2026-05-02;Sim;;2.11;2.1;0,00%;-0,47%;1.0;1,10;-1.0;Noroeste vs Marica;R$ 0,00;;-100.0;193774282;Brazil Serie D;Brazil;18:00;02/05/2026
2026-05-02;Sim;;2.13;2.2;0,00%;3,29%;1.0;1,20;1.2;Goiatuba vs Uniao Rondonopolis;R$ 0,03;;120.0;193796720;Brazil Serie D;Brazil;18:30;02/05/2026
2026-05-02;Sim;;2.02;2.0;0,00%;-0,99%;1.0;1,00;-1.0;Liverpool Montevideo vs Danubio;-R$ 0,01;;-100.0;193332835;Uruguay Apertura;Uruguay;18:30;02/05/2026
2026-05-02;Sim;;2.03;2.2;0,00%;8,37%;1.0;1,20;1.2;San Lorenzo vs Independiente;R$ 0,08;;120.0;193067329;Argentina Liga Profesional;Argentina;18:45;02/05/2026
2026-05-02;Sim;;2.14;2.2;0,00%;2,80%;1.0;1,20;-1.0;Confianca vs Inter de Limeira;R$ 0,03;;-100.0;193772914;Brazil Serie C;Brazil;19:00;02/05/2026
2026-05-02;Sim;;1.95;2.0;0,00%;2,56%;1.0;1,00;1.0;North Carolina Courage (W) vs Kansas City Current (W);R$ 0,03;;100.0;193804191;USA NWSL Women;USA;19:30;02/05/2026
2026-05-02;Sim;;2.19;2.25;0,00%;2,74%;1.0;1,25;-1.0;Deportivo Merlo vs Argentino Quilmes;R$ 0,03;;-100.0;193828985;Argentina Primera B Metropolitana;Argentina;20:00;02/05/2026
2026-05-02;Sim;;2.23;2.2;0,00%;-1,35%;1.0;1,20;1.2;Fortaleza vs Goias;-R$ 0,01;;120.0;193192157;Brazil Serie B;Brazil;20:30;02/05/2026
2026-05-03;Sim;;2.11;2.0;0,00%;-5,21%;1.0;1,00;-1.0;Matsumoto Y FC vs Ventforet Kofu;-R$ 0,05;;-100.0;193832305;Japan J2/J3 Centennial League;Japan;01:00;03/05/2026
2026-05-03;Sim;;1.71;1.83;0,00%;7,02%;1.0;0,83;-1.0;Vanraure Hachinohe vs Thespa Gunma;R$ 0,07;;-100.0;193200102;Japan J2/J3 Centennial League;Japan;01:00;03/05/2026
2026-05-03;Sim;;1.75;1.8;0,00%;2,86%;1.0;0,80;-1.0;Daegu FC vs Gyeongnam FC;R$ 0,03;;-100.0;193202390;South Korea K League 2;South Korea;02:00;03/05/2026
2026-05-03;Sim;;1.92;1.9;0,00%;-1,04%;1.0;0,90;0.9;Seoul E-Land FC vs Gimpo FC;-R$ 0,01;;90.0;193202396;South Korea K League 2;South Korea;02:00;03/05/2026
2026-05-03;Sim;;1.78;1.83;0,00%;2,81%;1.0;0,83;-1.0;Austria Lustenau vs SW Bregenz;R$ 0,03;;-100.0;193189756;Austria 2. Liga;Austria;05:30;03/05/2026
2026-05-03;Sim;;1.74;1.8;0,00%;3,45%;1.0;0,80;0.8;Portimonense vs Chaves;R$ 0,03;;80.0;193755285;Portugal Segunda Liga;Portugal;07:00;03/05/2026
2026-05-03;Sim;;1.98;1.95;0,00%;-1,52%;1.0;0,95;-1.0;Bologna vs Cagliari;-R$ 0,02;;-100.0;193004653;Italy Serie A;Italy;07:30;03/05/2026
2026-05-03;Sim;;1.95;1.9;0,00%;-2,56%;1.0;0,90;0.9;Ningbo Professional FC vs Changchun Yatai;-R$ 0,03;;90.0;193881649;China Division 1;China;08:00;03/05/2026
2026-05-03;Sim;;1.77;1.8;0,00%;1,69%;1.0;0,80;-1.0;Randers FC vs Vejle;R$ 0,02;;-100.0;193194989;Denmark Superligaen;Denmark;09:00;03/05/2026
2026-05-03;Sim;;1.89;1.9;0,00%;0,53%;1.0;0,90;-1.0;SGS Essen (W) vs Bayer Leverkusen (W);R$ 0,01;;-100.0;193880998;Germany Bundesliga Women;Germany;09:00;03/05/2026
2026-05-03;Sim;;2.09;1.95;0,00%;-6,70%;1.0;0,95;-1.0;Zaglebie Lubin vs Cracovia Krakow;-R$ 0,07;;-100.0;192785626;Poland Ekstraklasa;Poland;09:45;03/05/2026
2026-05-03;Sim;;2.12;2.1;0,00%;-0,94%;1.0;1,10;-1.0;Riga FC vs FK Liepaja;-R$ 0,01;;-100.0;193940431;Latvia Virsliga;Latvia;10:00;03/05/2026
2026-05-03;Sim;;1.86;1.8;0,00%;-3,23%;1.0;0,80;0.8;St Pauli vs Mainz;-R$ 0,03;;80.0;192932650;Germany Bundesliga I;Germany;10:30;03/05/2026
2026-05-03;Sim;S;1.96;1.95;0,00%;-0,51%;1.0;0,95;-1.0;Antwerp vs Standard Liege;-R$ 0,01;;-100.0;193190238;Belgium First Division A;Belgium;11:00;03/05/2026
2026-05-03;Sim;S;1.98;2.1;0,00%;6,06%;1.0;1,10;-1.0;Apoel Nicosia vs AEK Larnaca;R$ 0,06;;-100.0;193383491;Cyprus Division 1;Cyprus;11:00;03/05/2026
2026-05-03;Sim;;1.84;2.0;0,00%;8,70%;1.0;1,00;-1.0;Merida vs Lugo;R$ 0,09;;-100.0;193108892;Spain Primera Division RFEF Group 1;Spain;11:00;03/05/2026
2026-05-03;Sim;S;1.91;2.1;0,00%;9,95%;1.0;1,10;1.1;Assyriska Föreningen vs FC Järfälla;R$ 0,10;;110.00000000000001;193756207;Sweden 1.div Norra;Sweden;11:00;03/05/2026
2026-05-03;Sim;;1.62;1.8;0,00%;11,11%;1.0;0,80;0.8;Apollon Limassol vs Pafos FC;R$ 0,11;;80.0;193383504;Cyprus Division 1;Cyprus;13:00;03/05/2026
2026-05-03;Sim;;2.14;2.2;0,00%;2,80%;1.0;1,20;1.2;Sabadell vs Real Murcia;R$ 0,03;;120.0;193109828;Spain Primera Division RFEF Group 2;Spain;13:15;03/05/2026
2026-05-03;Sim;S;1.72;1.95;0,00%;13,37%;1.0;0,95;-1.0;Sparta Prague vs FK Jablonec;R$ 0,13;;-100.0;193886548;Czechia First League;Czech Republic;13:30;03/05/2026
2026-05-03;Sim;;1.75;1.95;0,00%;11,43%;1.0;0,95;-1.0;Real Betis vs Real Oviedo;R$ 0,11;;-100.0;192946798;Spain La Liga;Spain;13:30;03/05/2026
2026-05-03;Sim;;1.82;2.2;0,00%;20,88%;1.0;1,20;-1.0;FK Napredak vs Radnicki Nis;R$ 0,21;;-100.0;193701851;Serbia Super Liga;Serbia;14:30;03/05/2026
2026-05-03;Sim;;2.14;2.37;0,00%;10,75%;1.0;1,37;1.37;Mladost Lucani vs Spartak Subotica;R$ 0,11;;137.0;193701846;Serbia Super Liga;Serbia;14:30;03/05/2026
2026-05-03;Sim;;2.5;2.5;0,00%;0,00%;1.0;1,50;-1.0;CA Colegiales vs San Martin SJ;R$ 0,00;;-100.0;193187085;Argentina Nacional B;Argentina;15:00;03/05/2026
2026-05-03;Sim;;2.36;2.5;0,00%;5,93%;1.0;1,50;-1.0;Club Atletico Mitre vs Acassuso;R$ 0,06;;-100.0;193187005;Argentina Nacional B;Argentina;15:00;03/05/2026
2026-05-03;Sim;;2.1;2.37;0,00%;12,86%;1.0;1,37;1.37;Escobar FC vs Defensores de Belgrano VR;R$ 0,13;;137.0;193880548;Argentina Torneo A;Argentina;15:03;03/05/2026
2026-05-03;Sim;;1.89;1.9;0,00%;0,53%;1.0;0,90;0.9;Juan Pablo II College vs Universitario de Deportes;R$ 0,01;;90.0;192943517;Peru Liga 1;Peru;15:15;03/05/2026
2026-05-03;Sim;;2.36;2.62;0,00%;11,02%;1.0;1,62;-1.0;Almirante Brown vs CA Chaco For Ever;R$ 0,11;;-100.0;193186898;Argentina Nacional B;Argentina;15:30;03/05/2026
2026-05-03;Sim;;2.12;2.2;0,00%;3,77%;1.0;1,20;-1.0;Berazategui vs CA Lugano;R$ 0,04;;-100.0;193820558;Argentina Primera C Metropolitana;Argentina;15:30;03/05/2026
2026-05-03;Sim;;1.91;2.2;0,00%;15,18%;1.0;1,20;1.2;Puerto Nuevo vs Club Leandro N. Alem;R$ 0,15;;120.0;193820497;Argentina Primera C Metropolitana;Argentina;15:30;03/05/2026
2026-05-03;Sim;;2.28;2.37;0,00%;3,95%;1.0;1,37;1.37;Azuriz vs Sao Jose RS;R$ 0,04;;137.0;193830308;Brazil Serie D;Brazil;15:30;03/05/2026
2026-05-03;Sim;;2.34;2.37;0,00%;1,28%;1.0;1,37;-1.0;Belgrano vs Sarmiento;R$ 0,01;;-100.0;193067285;Argentina Liga Profesional;Argentina;16:00;03/05/2026
2026-05-03;Sim;;2.2;2.37;0,00%;7,73%;1.0;1,37;-1.0;Racing Club vs Huracan;R$ 0,08;;-100.0;193067322;Argentina Liga Profesional;Argentina;16:00;03/05/2026
2026-05-03;Sim;;2.11;2.2;0,00%;4,27%;1.0;1,20;1.2;Atletico Alagoinhas vs ASA;R$ 0,04;;120.0;193830277;Brazil Serie D;Brazil;16:00;03/05/2026
2026-05-03;Sim;;2.04;2.1;0,00%;2,94%;1.0;1,10;1.1;Brasiliense vs Aparecidense;R$ 0,03;;110.00000000000001;193830318;Brazil Serie D;Brazil;16:00;03/05/2026
2026-05-03;Sim;;2.44;2.62;0,00%;7,38%;1.0;1,62;1.62;Ferrocarril Midland vs CA Guemes;R$ 0,07;;162.0;193187319;Argentina Nacional B;Argentina;16:30;03/05/2026
2026-05-03;Sim;;2.45;2.62;0,00%;6,94%;1.0;1,62;1.62;Godoy Cruz vs CD Moron;R$ 0,07;;162.0;193187228;Argentina Nacional B;Argentina;16:30;03/05/2026
2026-05-03;Sim;;2.15;2.5;0,00%;16,28%;1.0;1,50;1.5;CA Sarmiento de la Banda vs Defensores Puerto Vilelas;R$ 0,16;;150.0;193926450;Argentina Torneo A;Argentina;16:30;03/05/2026
2026-05-03;Sim;;2.32;2.5;0,00%;7,76%;1.0;1,50;-1.0;Juventud Antoniana vs San Martin Formosa;R$ 0,08;;-100.0;193880577;Argentina Torneo A;Argentina;17:00;03/05/2026
2026-05-03;Sim;;2.02;2.2;0,00%;8,91%;1.0;1,20;-1.0;Ferroviaria vs Anapolis;R$ 0,09;;-100.0;193830251;Brazil Serie C;Brazil;17:00;03/05/2026
2026-05-03;Sim;;1.86;2.37;0,00%;27,42%;1.0;1,37;-1.0;Nacional AM vs Sao Raimundo RR;R$ 0,27;;-100.0;193830158;Brazil Serie D;Brazil;17:00;03/05/2026
2026-05-03;Sim;;2.2;2.25;0,00%;2,27%;1.0;1,25;-1.0;Sampaio Correa vs Maracanã;R$ 0,02;;-100.0;193830186;Brazil Serie D;Brazil;17:00;03/05/2026
2026-05-03;Sim;;2.1;2.1;0,00%;0,00%;1.0;1,10;-1.0;Gotham FC (W) vs Racing Louisville FC (W);R$ 0,00;;-100.0;193914368;USA NWSL Women;USA;18:00;03/05/2026
2026-05-03;Sim;;1.86;2.1;0,00%;12,90%;1.0;1,10;1.1;Paysandu vs Botafogo PB;R$ 0,13;;110.00000000000001;193830261;Brazil Serie C;Brazil;19:00;03/05/2026
2026-05-03;Sim;;1.91;2.0;0,00%;4,71%;1.0;1,00;1.0;Municipal Liberia vs Deportivo Saprissa;R$ 0,05;;100.0;193881374;Costa Rica Primera Division;Costa Rica;19:00;03/05/2026
2026-05-03;Sim;;1.88;2.0;0,00%;6,38%;1.0;1,00;1.0;Deportes Limache vs O'Higgins;R$ 0,06;;100.0;193982431;Chile Copa de la Liga;Chile;21:00;03/05/2026
2026-05-04;Sim;S;1.81;2.25;0,00%;24,31%;1.0;1,25;1.25;NK Dugopolje vs HNK Cibalia;R$ 0,24;;125.0;193995646;Croatia 1.NL;Croatia;10:45;04/05/2026
2026-05-04;Sim;;2.03;2.0;0,00%;-1,48%;1.0;1,00;1.0;Shamrock Rovers vs Drogheda United;-R$ 0,01;;100.0;193201014;Republic of Ireland Premier Division;Ireland;13:00;04/05/2026
2026-05-04;Sim;;2.02;2.0;0,00%;-0,99%;1.0;1,00;-1.0;Al Shabab Seeb vs Al Rustaq;-R$ 0,01;;-100.0;194002620;Oman League;Oman;13:20;04/05/2026
2026-05-04;Sim;;2.11;2.1;0,00%;-0,47%;1.0;1,10;1.1;Wadi Degla vs Kahraba Ismailia;R$ 0,00;;110.00000000000001;193995745;Egypt Division 1;Egypt;14:00;04/05/2026
2026-05-04;Sim;;2.13;2.2;0,00%;3,29%;1.0;1,20;-1.0;Ypiranga RS vs Ituano;R$ 0,03;;-100.0;193880720;Brazil Serie C;Brazil;15:00;04/05/2026
2026-05-04;Sim;;2.15;2.2;0,00%;2,33%;1.0;1,20;1.2;US Yacoub El Mansour vs RSB Berkane;R$ 0,02;;120.0;194001923;Morocco GNF 1;Morocco;15:00;04/05/2026
2026-05-04;Sim;;1.88;1.95;0,00%;3,72%;1.0;0,95;-1.0;Roma vs Fiorentina;R$ 0,04;;-100.0;193004648;Italy Serie A;Italy;15:45;04/05/2026
2026-05-04;Sim;;2.13;2.2;0,00%;3,29%;1.0;1,20;1.2;Gimnasia Mendoza vs Defensa y Justicia;R$ 0,03;;120.0;193067316;Argentina Liga Profesional;Argentina;17:00;04/05/2026
2026-05-04;Sim;;2.01;2.1;0,00%;4,48%;1.0;1,10;1.1;Vila Nova vs Athletic Club MG;R$ 0,04;;110.00000000000001;193192176;Brazil Serie B;Brazil;19:00;04/05/2026
2026-05-04;Sim;;1.93;2.0;0,00%;3,63%;1.0;1,00;1.0;Retro vs Sergipe;R$ 0,04;;100.0;193830183;Brazil Serie D;Brazil;19:00;04/05/2026
2026-05-04;Sim;;2.14;2.25;0,00%;5,14%;1.0;1,25;-1.0;Figueirense vs Barra SC;R$ 0,05;;-100.0;193880712;Brazil Serie C;Brazil;20:00;04/05/2026
2026-05-04;Sim;;2.33;2.5;0,00%;7,30%;1.0;1,50;1.5;Floresta vs Maranhao;R$ 0,07;;150.0;193880716;Brazil Serie C;Brazil;20:00;04/05/2026
2026-05-04;Sim;;1.83;1.9;0,00%;3,83%;1.0;0,90;0.9;Trem AP vs Imperatriz;R$ 0,04;;90.0;194003295;Brazil Serie D;Brazil;20:00;04/05/2026
2026-05-05;Sim;;2.05;2.1;0,00%;2,44%;1.0;1,10;1.1;Chippa United vs Sekhukhune United;R$ 0,02;;110.00000000000001;193113700;South Africa Premier;South Africa;08:00;05/05/2026
2026-05-05;Sim;S;1.74;2.0;0,00%;14,94%;1.0;1,00;-1.0;RKC vs Willem II;R$ 0,15;;-100.0;194037922;Netherlands Eerste Divisie;Netherlands;13:45;05/05/2026
2026-05-05;Sim;;2.12;2.62;0,00%;23,58%;1.0;1,62;1.62;Magesi FC vs Orbit College;R$ 0,24;;162.0;193113703;South Africa Premier;South Africa;14:30;05/05/2026
2026-05-05;Sim;;2.12;2.5;0,00%;17,92%;1.0;1,50;-1.0;Stellenbosch FC vs Orlando Pirates;R$ 0,18;;-100.0;193113715;South Africa Premier;South Africa;14:30;05/05/2026
2026-05-05;Sim;;2.32;2.37;0,00%;2,16%;1.0;1,37;-1.0;Deportivo Cuenca vs San Lorenzo;R$ 0,02;;-100.0;193838023;Copa Sudamericana;International (South America);23:00;05/05/2026
