DATA,BTTS,IN LIVE?,Odd J,Odd M,Juice,EV,Stake,Lucro Max,Profit,Jogo,EV (R$),OBS
24/04/2026,Sim,S,"2,17","2,25","0,00%","3,69%","R$ 1,00","1,25","R$ 1,25",Montevideo City Torque vs Boston River,"R$ 0,04",
24/04/2026,Sim,S,"2,36","2,75","0,00%","16,53%","R$ 1,00","1,75","R$ 1,75",Racing Club v Barracas Central,"R$ 0,17",
25/04/2026,Sim,,"2,12","2,20","0,00%","3,77%","R$ 1,00","1,20","-R$ 1,00",Fagiano Okayama vs Avispa Fukuoka,"R$ 0,04",
25/04/2026,Sim,,"2,30","2,20","0,00%","-4,35%","R$ 1,00","1,20","-R$ 1,00",HNK Cibalia vs Bijelo Brdo,"-R$ 0,04",
25/04/2026,Sim,,"2,28","2,20","0,00%","-3,51%","R$ 1,00","1,20","R$ 1,20",Amazulu vs Chippa United,"-R$ 0,04",
25/04/2026,Sim,,"2,18","2,10","0,00%","-3,67%","R$ 1,00","1,10","-R$ 1,00",Guangxi Hengchen vs Nanjing City,"-R$ 0,04",
25/04/2026,Sim,,"2,04","2,00","0,00%","-1,96%","R$ 1,00","1,00","-R$ 1,00",Jubilo Iwata vs FC Gifu,"-R$ 0,02",
25/04/2026,Sim,,"2,26","2,10","0,00%","-7,08%","R$ 1,00","1,10","-R$ 1,00",BG Pathum United vs Nakhon Ratchasima,"-R$ 0,07",
25/04/2026,Sim,,"2,24","2,50","0,00%","11,61%","R$ 1,00","1,50","R$ 1,50",Eibar (W) vs Levante UD (W),"R$ 0,12",
25/04/2026,Sim,,"2,26","2,25","0,00%","-0,44%","R$ 1,00","1,25","R$ 1,25",CSKA Sofia vs Levski Sofia,"R$ 0,00",
25/04/2026,Sim,,"2,09","2,00","0,00%","-4,31%","R$ 1,00","1,00","R$ 1,00",Omonia Aradippou vs Krasava ENY Ypsonas,"-R$ 0,04",
25/04/2026,Sim,,"1,98","2,20","0,00%","11,11%","R$ 1,00","1,20","R$ 1,20",NK Dubrava Zagreb vs NK Sesvete,"R$ 0,11",
25/04/2026,Sim,S,"2,15","2,20","0,00%","2,33%","R$ 1,00","1,20","-R$ 1,00",Parma vs Pisa,"R$ 0,02",
25/04/2026,Sim,S,"2,11","2,20","0,00%","4,27%","R$ 1,00","1,20","-R$ 1,00",Virtus Entella vs Padova,"R$ 0,04",
25/04/2026,Sim,,"2,14","2,10","0,00%","-1,87%","R$ 1,00","1,10","-R$ 1,00",FC Rukh Lviv vs Karpaty Lviv,"-R$ 0,02",
25/04/2026,Sim,,"2,17","2,25","0,00%","3,69%","R$ 1,00","1,25","R$ 1,25",UTS Rabat vs OC Safi,"R$ 0,04",
25/04/2026,Sim,S,"2,14","2,20","0,00%","2,80%","R$ 1,00","1,20","R$ 1,20",Burgos v Deportivo La Coruna,"R$ 0,03",
25/04/2026,Sim,,"2,27","2,37","0,00%","4,41%","R$ 1,00","1,37","-R$ 1,00",CA San Telmo vs All Boys,"R$ 0,04",
25/04/2026,Sim,,"2,06","2,10","0,00%","1,94%","R$ 1,00","1,10","R$ 1,10",CA Brown de Adrogue vs Villa San Carlos,"R$ 0,02",
25/04/2026,Sim,,"2,18","2,25","0,00%","3,21%","R$ 1,00","1,25","-R$ 1,00",CSD Flandria vs Sportivo Italiano,"R$ 0,03",
25/04/2026,Sim,,"2,06","2,25","0,00%","9,22%","R$ 1,00","1,25","R$ 1,25",CA Lugano vs Club Leandro N. Alem,"R$ 0,09",
25/04/2026,Sim,,"2,07","2,25","0,00%","8,70%","R$ 1,00","1,25","-R$ 1,00",Gotham FC (W) vs Bay FC (W),"R$ 0,09",
25/04/2026,Sim,,"2,07","2,10","0,00%","1,45%","R$ 1,00","1,10","-R$ 1,00",ABECAT Ouvidorense vs CRAC,"R$ 0,01",
25/04/2026,Sim,,"2,09","2,10","0,00%","0,48%","R$ 1,00","1,10","-R$ 1,00",Fluminense PI vs CEFAT Tirol,"R$ 0,00",
25/04/2026,Sim,,"2,30","2,37","0,00%","3,04%","R$ 1,00","1,37","-R$ 1,00",Iguatu vs Maracanã,"R$ 0,03",
25/04/2026,Sim,,"2,19","2,25","0,00%","2,74%","R$ 1,00","1,25","R$ 1,25",Manauara vs Nacional AM,"R$ 0,03",
25/04/2026,Sim,,"2,02","2,20","0,00%","8,91%","R$ 1,00","1,20","R$ 1,20",Sergipe vs Lagarto,"R$ 0,09",
25/04/2026,Sim,,"1,89","2,00","0,00%","5,82%","R$ 1,00","1,00","R$ 1,00",Treze vs Serra Branca,"R$ 0,06",
25/04/2026,Sim,,"2,29","2,62","0,00%","14,41%","R$ 1,00","1,62","R$ 1,62",Luverdense vs EC Primavera MT,"R$ 0,14",
25/04/2026,Sim,,"2,17","2,20","0,00%","1,38%","R$ 1,00","1,20","-R$ 1,00",Manaus vs Sao Raimundo RR,"R$ 0,01",
25/04/2026,Sim,,"2,17","2,20","0,00%","1,38%","R$ 1,00","1,20","-R$ 1,00",Sao Jose RS vs Brasil de Pelotas,"R$ 0,01",
25/04/2026,Sim,,"2,04","2,20","0,00%","7,84%","R$ 1,00","1,20","R$ 1,20",Itabaiana vs Paysandu,"R$ 0,08",
25/04/2026,Sim,,"2,26","3,00","0,00%","32,74%","R$ 1,00","2,00","R$ 2,00",Botafogo PB vs Floresta,"R$ 0,33",
25/04/2026,Sim,,"2,28","2,37","0,00%","3,95%","R$ 1,00","1,37","-R$ 1,00",San Martin SJ vs Quilmes,"R$ 0,04",
25/04/2026,Sim,,"2,06","2,25","0,00%","9,22%","R$ 1,00","1,25","-R$ 1,00",Atletico Rafaela vs Gimnasia Jujuy,"R$ 0,09",
25/04/2026,Sim,,"2,02","2,20","0,00%","8,91%","R$ 1,00","1,20","-R$ 1,00",Defensores Puerto Vilelas vs Juventud Antoniana,"R$ 0,09",
25/04/2026,Sim,,"1,94","2,10","0,00%","8,25%","R$ 1,00","1,10","-R$ 1,00",Comerciantes Unidos vs Sporting Cristal,"R$ 0,08",
26/04/2026,Sim,,"1,75","1,90","0,00%","8,57%","R$ 1,00","0,90","R$ 0,90",Deportivo La Coruna (W) vs Alhama CF (W),"R$ 0,09",
26/04/2026,Sim,,"2,17","2,10","0,00%","-3,23%","R$ 1,00","1,10","-R$ 1,00",NK Croatia Zmijavci vs NK Rudes,"-R$ 0,03",
26/04/2026,Sim,,"2,34","2,37","0,00%","1,28%","R$ 1,00","1,37","R$ 1,37",LNZ Cherkasy vs FC Metalist 1925,"R$ 0,01",
26/04/2026,Sim,,"2,16","2,37","0,00%","9,72%","R$ 1,00","1,37","R$ 1,37",Orlando Pirates vs Kaizer Chiefs,"R$ 0,10",
26/04/2026,Sim,,"2,46","2,50","0,00%","1,63%","R$ 1,00","1,50","-R$ 1,00",Polokwane City vs Stellenbosch FC,"R$ 0,02",
26/04/2026,Sim,,"2,20","2,20","0,00%","0,00%","R$ 1,00","1,20","-R$ 1,00",Vanraure Hachinohe vs Blaublitz Akita,"R$ 0,00",
26/04/2026,Sim,,"1,89","2,00","0,00%","5,82%","R$ 1,00","1,00","R$ 1,00",Kochi United vs Tokushima Vortis,"R$ 0,06",
26/04/2026,Sim,,"2,07","2,10","0,00%","1,45%","R$ 1,00","1,10","R$ 1,10",Ourense CF vs Zamora CF,"R$ 0,01",
26/04/2026,Sim,,"2,06","2,20","0,00%","6,80%","R$ 1,00","1,20","-R$ 1,00",SD Tarazona vs Juventud Torremolinos CF,"R$ 0,07",
26/04/2026,Sim,,"2,33","2,37","0,00%","1,72%","R$ 1,00","1,37","R$ 1,37",Estrela Amadora vs FC Porto,"R$ 0,02",
26/04/2026,Sim,,"2,13","2,10","0,00%","-1,41%","R$ 1,00","1,10","R$ 1,10",Santa Clara vs Braga,"-R$ 0,01",
26/04/2026,Sim,,"2,19","2,20","0,00%","0,46%","R$ 1,00","1,20","-R$ 1,00",Larissa vs Panserraikos,"R$ 0,00",
26/04/2026,Sim,,"2,37","2,62","0,00%","10,55%","R$ 1,00","1,62","R$ 1,62",Renaissance Zemamra vs MAS Fes,"R$ 0,11",
26/04/2026,Sim,,"2,07","2,10","0,00%","1,45%","R$ 1,00","1,10","-R$ 1,00",Samail vs Al Khaburah,"R$ 0,01",
26/04/2026,Sim,,"2,24","2,50","0,00%","11,61%","R$ 1,00","1,50","R$ 1,50",Deportivo Armenio vs San Martin De Burzaco,"R$ 0,12",
26/04/2026,Sim,,"2,15","2,20","0,00%","2,33%","R$ 1,00","1,20","R$ 1,20",Athletico Paranaense vs Vitoria,"R$ 0,02",
26/04/2026,Sim,,"2,23","2,25","0,00%","0,90%","R$ 1,00","1,25","R$ 1,25",Ceara vs Vila Nova,"R$ 0,01",
26/04/2026,Sim,,"1,83","1,90","0,00%","3,83%","R$ 1,00","0,90","R$ 0,90",Ituano vs Maringa,"R$ 0,04",
26/04/2026,Sim,,"1,77","1,90","0,00%","7,34%","R$ 1,00","0,90","R$ 0,90",Racing Ferrol vs Real Aviles CF,"R$ 0,07",
26/04/2026,Sim,,"2,14","2,20","0,00%","2,80%","R$ 1,00","1,20","-R$ 1,00",Guarany de Bage vs Sao Luiz,"R$ 0,03",
26/04/2026,Sim,,"2,06","2,20","0,00%","6,80%","R$ 1,00","1,20","-R$ 1,00",Juazeirense vs ASA,"R$ 0,07",
26/04/2026,Sim,,"2,13","2,25","0,00%","5,63%","R$ 1,00","1,25","-R$ 1,00",Internacional de Bogota vs Boyaca Chico,"R$ 0,06",
27/04/2026,Sim,,"2,24","2,50","0,00%","11,61%","R$ 1,00","1,50","-R$ 1,00",El Zamalek vs Enppi,"R$ 0,12",
27/04/2026,Sim,,"2,11","2,20","0,00%","4,27%","R$ 1,00","1,20","-R$ 1,00",Smouha vs El Masry,"R$ 0,04",
27/04/2026,Sim,,"2,12","2,50","0,00%","17,92%","R$ 1,00","1,50","R$ 1,50",Bahla vs Oman FC,"R$ 0,18",
27/04/2026,Sim,,"2,34","2,37","0,00%","1,28%","R$ 1,00","1,37","R$ 1,37",Caxias vs Ypiranga RS,"R$ 0,01",
28/04/2026,Sim,,"2,28","2,62","0,00%","14,91%","R$ 1,00","1,62","R$ 1,62",MC Alger vs Olympique Akbou,"R$ 0,15",
28/04/2026,Sim,,"2,28","3,00","0,00%","31,58%","R$ 1,00","2,00","R$ 2,00",Al Moqawloon Al Arab vs Ghazl El Mahallah,"R$ 0,32",
28/04/2026,Sim,,"2,72","2,75","0,00%","1,10%","R$ 1,00","1,75","-R$ 1,00",Lanus vs LDU Quito,"R$ 0,01",
28/04/2026,Sim,,"2,08","2,10","0,00%","0,96%","R$ 1,00","1,10","-R$ 1,00",UCV vs Rosario Central,"R$ 0,01",
28/04/2026,Sim,,"2,08","2,25","0,00%","8,17%","R$ 1,00","1,25","-R$ 1,00",Deportes Tolima vs Coquimbo Unido,"R$ 0,08",
28/04/2026,Sim,,"2,05","2,25","0,00%","9,76%","R$ 1,00","1,25","R$ 1,25",San Lorenzo vs Santos,"R$ 0,10",
28/04/2026,Sim,,"2,15","2,25","0,00%","4,65%","R$ 1,00","1,25","R$ 1,25",Barracas Central vs Audax Italiano,"R$ 0,05",
29/04/2026,Sim,,"1,95","2,00","0,00%","2,56%","R$ 1,00","1,00","R$ 1,00",Avispa Fukuoka vs Sanfrecce Hiroshima,"R$ 0,03",
29/04/2026,Sim,,"1,84","1,95","0,00%","5,98%","R$ 1,00","0,95","R$ 0,95",Nagoya Grampus vs Fagiano Okayama,"R$ 0,06",
29/04/2026,Sim,,"1,95","2,20","0,00%","12,82%","R$ 1,00","1,20","R$ 1,20",Yokohama FC vs Vanraure Hachinohe,"R$ 0,13",
29/04/2026,Sim,,"2,22","2,37","0,00%","6,76%","R$ 1,00","1,37","R$ 1,37",JS Kabylie vs MC Oran,"R$ 0,07",
29/04/2026,Sim,,"2,60","2,75","0,00%","5,77%","R$ 1,00","1,75","-R$ 1,00",Modern Sport FC vs Talaea El Geish,"R$ 0,06",
29/04/2026,Sim,,"2,23","2,62","0,00%","17,49%","R$ 1,00","1,62","-R$ 1,00",FUS Rabat vs CODM Meknes,"R$ 0,17",
29/04/2026,Sim,,"2,06","2,50","0,00%","21,36%","R$ 1,00","1,50","-R$ 1,00",MAS Fes vs HUSA Agadir,"R$ 0,21",
29/04/2026,Sim,,"2,18","2,20","0,00%","0,92%","R$ 1,00","1,20","-R$ 1,00",Maccabi Bnei Raina vs Hapoel Jerusalem FC,"R$ 0,01",
29/04/2026,Sim,,"1,94","2,05","0,00%","5,67%","R$ 1,00","1,05","R$ 1,05",Universitario de Deportes vs Nacional De Football,"R$ 0,06",
29/04/2026,Sim,,"2,09","2,20","0,00%","5,26%","R$ 1,00","1,20","R$ 1,20",Caracas vs Racing Club,"R$ 0,05",
29/04/2026,Sim,,"2,38","2,62","0,00%","10,08%","R$ 1,00","1,62","R$ 1,62",Platense vs Independiente Santa Fe,"R$ 0,10",
29/04/2026,Sim,,"2,26","2,50","0,00%","10,62%","R$ 1,00","1,50","R$ 1,50",Botafogo PB vs Fluminense PI,"R$ 0,11",
29/04/2026,Sim,,"2,17","2,25","0,00%","3,69%","R$ 1,00","1,25","R$ 1,25",Juazeirense vs ASA,"R$ 0,04",
29/04/2026,Sim,,"2,17","2,25","0,00%","3,69%","R$ 1,00","1,25","R$ 1,25",Maranhao vs Ceara,"R$ 0,04",
29/04/2026,Sim,,"2,10","2,10","0,00%","0,00%","R$ 1,00","1,10","R$ 1,10",Chapecoense vs America MG,"R$ 0,00",
29/04/2026,Sim,,"2,17","2,20","0,00%","1,38%","R$ 1,00","1,20","R$ 1,20",Novorizontino vs Avai,"R$ 0,01",
30/04/2026,Sim,,"2,19","2,50","0,00%","14,16%","R$ 1,00","1,50","R$ 1,50",Difaa El Jadida vs Renaissance Zemamra,"R$ 0,14",
30/04/2026,Sim,,"1,95","1,96","0,00%","0,51%","R$ 1,00","0,96","R$ 0,96",Braga vs SC Freiburg,"R$ 0,01",
30/04/2026,Sim,,"1,80","1,95","0,00%","8,33%","R$ 1,00","0,95","-R$ 1,00",Bolivar vs Fluminense,"R$ 0,08",
30/04/2026,Sim,,"2,59","2,75","0,00%","6,18%","R$ 1,00","1,75","-R$ 1,00",Corinthians vs Penarol,"R$ 0,06",
30/04/2026,Sim,,"1,81","2,00","0,00%","10,50%","R$ 1,00","1,00","-R$ 1,00",Carabobo vs Blooming,"R$ 0,10",
30/04/2026,Sim,,"2,28","2,37","0,00%","3,95%","R$ 1,00","1,37","-R$ 1,00",Alianza Atletico vs Macara,"R$ 0,04",
01/05/2026,Sim,,"2,10","2,05","0,00%","-2,38%","R$ 1,00","1,05","R$ 1,05",Pisa vs Lecce,"-R$ 0,02",
01/05/2026,Sim,,"2,00","2,00","0,00%","0,00%","R$ 1,00","1,00","-R$ 1,00",Libertad Asuncion vs Sportivo San Lorenzo,"R$ 0,00",
01/05/2026,Sim,,"2,07","2,10","0,00%","1,45%","R$ 1,00","1,10","-R$ 1,00",Cork City vs Cobh Ramblers,"R$ 0,01",
01/05/2026,Sim,S,"1,86","2,20","0,00%","18,28%","R$ 1,00","1,20","-R$ 1,00",FK Csikszereda Miercurea Ciuc vs FCSB,"R$ 0,18",
02/05/2026,Sim,,"1,74","1,90","0,00%","9,20%","R$ 1,00","0,90","R$ 0,90",Yokohama F-Marinos vs Mito Hollyhock,"R$ 0,09",
02/05/2026,Sim,,"2,28","2,25","0,00%","-1,32%","R$ 1,00","1,25","-R$ 1,00",Stevenage vs Wigan,"-R$ 0,01",
02/05/2026,Sim,,"1,78","1,80","0,00%","1,12%","R$ 1,00","0,80","-R$ 1,00",Valencia vs Atletico Madrid,"R$ 0,01",
02/05/2026,Sim,,"2,71","2,75","0,00%","1,48%","R$ 1,00","1,75","R$ 1,75",Gimnastic vs Sevilla Atletico,"R$ 0,01",
02/05/2026,Sim,,"2,01","1,95","0,00%","-2,99%","R$ 1,00","0,95","R$ 0,95",FC Arouca vs Santa Clara,"-R$ 0,03",
02/05/2026,Sim,,"1,86","1,83","0,00%","-1,61%","R$ 1,00","0,83","R$ 0,83",HNK Gorica vs Dinamo Zagreb,"-R$ 0,02",
02/05/2026,Sim,,"1,83","1,83","0,00%","0,00%","R$ 1,00","0,83","R$ 0,83",Sutherland Sharks vs Marconi Stallions,"R$ 0,00",
02/05/2026,Sim,,"2,03","2,00","0,00%","-1,48%","R$ 1,00","1,00","R$ 1,00",Yanbian Longding vs Wuxi Wugo,"-R$ 0,01",
02/05/2026,Sim,,"2,35","2,20","0,00%","-6,38%","R$ 1,00","1,20","R$ 1,20",Sagan Tosu vs Tegevajaro Miyazaki,"-R$ 0,06",
02/05/2026,Sim,,"2,18","2,10","0,00%","-3,67%","R$ 1,00","1,10","R$ 1,10",Vegalta Sendai vs Blaublitz Akita,"-R$ 0,04",
02/05/2026,Sim,,"1,75","1,83","0,00%","4,57%","R$ 1,00","0,83","R$ 0,83",Yokohama FC vs Sagamihara,"R$ 0,05",
02/05/2026,Sim,,"1,95","1,90","0,00%","-2,56%","R$ 1,00","0,90","-R$ 1,00",Nagano Parceiro vs Fujieda MYFC,"-R$ 0,03",
02/05/2026,Sim,,"2,14","2,10","0,00%","-1,87%","R$ 1,00","1,10","R$ 1,10",Sohar Club vs Bahla,"-R$ 0,02",
02/05/2026,Sim,,"2,11","2,10","0,00%","-0,47%","R$ 1,00","1,10","-R$ 1,00",Orijent vs NK Croatia Zmijavci,"R$ 0,00",
02/05/2026,Sim,,"2,16","2,10","0,00%","-2,78%","R$ 1,00","1,10","-R$ 1,00",FK Riteriai vs FK Transinvest,"-R$ 0,03",
02/05/2026,Sim,,"2,01","1,90","0,00%","-5,47%","R$ 1,00","0,90","R$ 0,90",Sirius vs Kalmar FF,"-R$ 0,05",
02/05/2026,Sim,,"2,04","2,10","0,00%","2,94%","R$ 1,00","1,10","-R$ 1,00",Karpaty Lviv vs LNZ Cherkasy,"R$ 0,03",
02/05/2026,Sim,,"2,01","2,05","0,00%","1,99%","R$ 1,00","1,05","-R$ 1,00",Grazer AK vs WSG Swarovski Tirol,"R$ 0,02",
02/05/2026,Sim,,"2,11","2,10","0,00%","-0,47%","R$ 1,00","1,10","-R$ 1,00",Orijent vs NK Croatia Zmijavci,"R$ 0,00",
02/05/2026,Sim,,"2,17","2,10","0,00%","-3,23%","R$ 1,00","1,10","R$ 1,10",Panserraikos vs Larissa,"-R$ 0,03",
02/05/2026,Sim,,"1,90","1,80","0,00%","-5,26%","R$ 1,00","0,80","R$ 0,80",GIF Sundsvall vs IK Oddevold,"-R$ 0,05",
02/05/2026,Sim,,"2,64","2,62","0,00%","-0,76%","R$ 1,00","1,62","-R$ 1,00",CODM Meknes vs MAS Fes,"-R$ 0,01",
02/05/2026,Sim,S,"2,08","2,20","0,00%","5,77%","R$ 1,00","1,20","R$ 1,20",Cultural Leonesa vs Cadiz,"R$ 0,06",
02/05/2026,Sim,,"1,90","1,91","0,00%","0,53%","R$ 1,00","0,91","R$ 0,91",Eibar vs Malaga,"R$ 0,01",
02/05/2026,Sim,,"1,85","1,83","0,00%","-1,08%","R$ 1,00","0,83","-R$ 1,00",Real Madrid Castilla vs Unionistas de Salamanca CF,"-R$ 0,01",
02/05/2026,Sim,,"1,79","1,80","0,00%","0,56%","R$ 1,00","0,80","-R$ 1,00",Betis Deportivo vs Antequera,"R$ 0,01",
02/05/2026,Sim,,"1,82","1,80","0,00%","-1,10%","R$ 1,00","0,80","R$ 0,80",Audax Italiano vs Union La Calera,"-R$ 0,01",
02/05/2026,Sim,,"2,03","2,20","0,00%","8,37%","R$ 1,00","1,20","R$ 1,20",San Lorenzo vs Independiente,"R$ 0,08",
02/05/2026,Sim,,"2,53","2,62","0,00%","3,56%","R$ 1,00","1,62","R$ 1,62",CA Estudiantes Caseros vs CA San Telmo,"R$ 0,04",
02/05/2026,Sim,,"2,54","2,62","0,00%","3,15%","R$ 1,00","1,62","-R$ 1,00",Deportivo Camioneros vs CSD Flandria,"R$ 0,03",
02/05/2026,Sim,,"2,18","2,50","0,00%","14,68%","R$ 1,00","1,50","R$ 1,50",Real Pilar vs Argentino Merlo,"R$ 0,15",
02/05/2026,Sim,,"2,19","2,75","0,00%","25,57%","R$ 1,00","1,75","-R$ 1,00",Sportivo Italiano vs Deportivo Armenio,"R$ 0,26",
02/05/2026,Sim,,"2,19","2,25","0,00%","2,74%","R$ 1,00","1,25","-R$ 1,00",Deportivo Merlo vs Argentino Quilmes,"R$ 0,03",
02/05/2026,Sim,,"2,37","2,50","0,00%","5,49%","R$ 1,00","1,50","-R$ 1,00",Independiente Chivilcoy vs Sportivo Belgrano,"R$ 0,05",
02/05/2026,Sim,,"2,60","2,75","0,00%","5,77%","R$ 1,00","1,75","-R$ 1,00",Central Cordoba Rosario vs Fenix,"R$ 0,06",
02/05/2026,Sim,,"2,15","2,25","0,00%","4,65%","R$ 1,00","1,25","-R$ 1,00",Deportivo Paraguayo vs Defensores de Cambaceres,"R$ 0,05",
02/05/2026,Sim,,"1,95","2,00","0,00%","2,56%","R$ 1,00","1,00","R$ 1,00",North Carolina Courage (W) vs Kansas City Current (W),"R$ 0,03",
02/05/2026,Sim,,"2,02","2,00","0,00%","-0,99%","R$ 1,00","1,00","-R$ 1,00",Liverpool Montevideo vs Danubio,"-R$ 0,01",
02/05/2026,Sim,,"1,97","2,00","0,00%","1,52%","R$ 1,00","1,00","-R$ 1,00",America RJ vs Pouso Alegre,"R$ 0,02",
02/05/2026,Sim,,"1,89","1,90","0,00%","0,53%","R$ 1,00","0,90","R$ 0,90",Botafogo vs Remo,"R$ 0,01",
02/05/2026,Sim,,"2,05","2,10","0,00%","2,44%","R$ 1,00","1,10","-R$ 1,00",Agua Santa vs Portuguesa RJ,"R$ 0,02",
02/05/2026,Sim,,"2,23","2,20","0,00%","-1,35%","R$ 1,00","1,20","R$ 1,20",Fortaleza vs Goias,"-R$ 0,01",
02/05/2026,Sim,,"2,14","2,20","0,00%","2,80%","R$ 1,00","1,20","-R$ 1,00",Confianca vs Inter de Limeira,"R$ 0,03",
02/05/2026,Sim,,"2,12","2,50","0,00%","17,92%","R$ 1,00","1,50","-R$ 1,00",Brasil de Pelotas vs Marcilio Dias,"R$ 0,18",
02/05/2026,Sim,,"2,11","2,10","0,00%","-0,47%","R$ 1,00","1,10","-R$ 1,00",Noroeste vs Marica,"R$ 0,00",
02/05/2026,Sim,,"2,13","2,20","0,00%","3,29%","R$ 1,00","1,20","R$ 1,20",Goiatuba vs Uniao Rondonopolis,"R$ 0,03",
03/05/2026,Sim,,"1,95","1,90","0,00%","-2,56%","R$ 1,00","0,90","R$ 0,90",Ningbo Professional FC vs Changchun Yatai,"-R$ 0,03",
03/05/2026,Sim,,"1,75","1,80","0,00%","2,86%","R$ 1,00","0,80","-R$ 1,00",Daegu FC vs Gyeongnam FC,"R$ 0,03",
03/05/2026,Sim,,"1,92","1,90","0,00%","-1,04%","R$ 1,00","0,90","R$ 0,90",Seoul E-Land FC vs Gimpo FC,"-R$ 0,01",
03/05/2026,Sim,,"2,11","2,00","0,00%","-5,21%","R$ 1,00","1,00","-R$ 1,00",Matsumoto Y FC vs Ventforet Kofu,"-R$ 0,05",
03/05/2026,Sim,,"1,71","1,83","0,00%","7,02%","R$ 1,00","0,83","-R$ 1,00",Vanraure Hachinohe vs Thespa Gunma,"R$ 0,07",
03/05/2026,Sim,,"1,74","1,80","0,00%","3,45%","R$ 1,00","0,80","R$ 0,80",Portimonense vs Chaves,"R$ 0,03",
03/05/2026,Sim,,"1,78","1,83","0,00%","2,81%","R$ 1,00","0,83","-R$ 1,00",Austria Lustenau vs SW Bregenz,"R$ 0,03",
03/05/2026,Sim,,"1,77","1,80","0,00%","1,69%","R$ 1,00","0,80","-R$ 1,00",Randers FC vs Vejle,"R$ 0,02",
03/05/2026,Sim,,"2,12","2,10","0,00%","-0,94%","R$ 1,00","1,10","-R$ 1,00",Riga FC vs FK Liepaja,"-R$ 0,01",
03/05/2026,Sim,,"2,09","1,95","0,00%","-6,70%","R$ 1,00","0,95","-R$ 1,00",Zaglebie Lubin vs Cracovia Krakow,"-R$ 0,07",
03/05/2026,Sim,,"1,86","1,80","0,00%","-3,23%","R$ 1,00","0,80","R$ 0,80",St Pauli vs Mainz,"-R$ 0,03",
03/05/2026,Sim,,"1,89","1,90","0,00%","0,53%","R$ 1,00","0,90","-R$ 1,00",SGS Essen (W) vs Bayer Leverkusen (W),"R$ 0,01",
03/05/2026,Sim,,"1,84","2,00","0,00%","8,70%","R$ 1,00","1,00","-R$ 1,00",Merida vs Lugo,"R$ 0,09",
03/05/2026,Sim,,"1,98","1,95","0,00%","-1,52%","R$ 1,00","0,95","-R$ 1,00",Bologna vs Cagliari,"-R$ 0,02",
03/05/2026,Sim,S,"1,96","1,95","0,00%","-0,51%","R$ 1,00","0,95","-R$ 1,00",Antwerp vs Standard Liege,"-R$ 0,01",
03/05/2026,Sim,S,"1,98","2,10","0,00%","6,06%","R$ 1,00","1,10","-R$ 1,00",Apoel Nicosia vs AEK Larnaca,"R$ 0,06",
03/05/2026,Sim,,"1,75","1,95","0,00%","11,43%","R$ 1,00","0,95","-R$ 1,00",Real Betis vs Real Oviedo,"R$ 0,11",
03/05/2026,Sim,,"2,14","2,20","0,00%","2,80%","R$ 1,00","1,20","R$ 1,20",Sabadell vs Real Murcia,"R$ 0,03",
03/05/2026,Sim,S,"1,91","2,10","0,00%","9,95%","R$ 1,00","1,10","R$ 1,10",Assyriska Föreningen vs FC Järfälla,"R$ 0,10",
03/05/2026,Sim,,"1,62","1,80","0,00%","11,11%","R$ 1,00","0,80","R$ 0,80",Apollon Limassol vs Pafos FC,"R$ 0,11",
03/05/2026,Sim,S,"1,72","1,95","0,00%","13,37%","R$ 1,00","0,95","-R$ 1,00",Sparta Prague vs FK Jablonec,"R$ 0,13",
03/05/2026,Sim,,"1,82","2,20","0,00%","20,88%","R$ 1,00","1,20","-R$ 1,00",FK Napredak vs Radnicki Nis,"R$ 0,21",
03/05/2026,Sim,,"2,14","2,37","0,00%","10,75%","R$ 1,00","1,37","R$ 1,37",Mladost Lucani vs Spartak Subotica,"R$ 0,11",
03/05/2026,Sim,,"2,02","2,20","0,00%","8,91%","R$ 1,00","1,20","-R$ 1,00",Ferroviaria vs Anapolis,"R$ 0,09",
03/05/2026,Sim,,"1,86","2,10","0,00%","12,90%","R$ 1,00","1,10","R$ 1,10",Paysandu vs Botafogo PB,"R$ 0,13",
03/05/2026,Sim,,"2,28","2,37","0,00%","3,95%","R$ 1,00","1,37","R$ 1,37",Azuriz vs Sao Jose RS,"R$ 0,04",
03/05/2026,Sim,,"2,11","2,20","0,00%","4,27%","R$ 1,00","1,20","R$ 1,20",Atletico Alagoinhas vs ASA,"R$ 0,04",
03/05/2026,Sim,,"2,04","2,10","0,00%","2,94%","R$ 1,00","1,10","R$ 1,10",Brasiliense vs Aparecidense,"R$ 0,03",
03/05/2026,Sim,,"2,34","2,37","0,00%","1,28%","R$ 1,00","1,37","-R$ 1,00",Belgrano vs Sarmiento,"R$ 0,01",
03/05/2026,Sim,,"2,20","2,37","0,00%","7,73%","R$ 1,00","1,37","-R$ 1,00",Racing Club vs Huracan,"R$ 0,08",
03/05/2026,Sim,,"2,50","2,50","0,00%","0,00%","R$ 1,00","1,50","-R$ 1,00",CA Colegiales vs San Martin SJ,"R$ 0,00",
03/05/2026,Sim,,"2,36","2,50","0,00%","5,93%","R$ 1,00","1,50","-R$ 1,00",Club Atletico Mitre vs Acassuso,"R$ 0,06",
03/05/2026,Sim,,"2,36","2,62","0,00%","11,02%","R$ 1,00","1,62","-R$ 1,00",Almirante Brown vs CA Chaco For Ever,"R$ 0,11",
03/05/2026,Sim,,"2,44","2,62","0,00%","7,38%","R$ 1,00","1,62","R$ 1,62",Ferrocarril Midland vs CA Guemes,"R$ 0,07",
03/05/2026,Sim,,"2,45","2,62","0,00%","6,94%","R$ 1,00","1,62","R$ 1,62",Godoy Cruz vs CD Moron,"R$ 0,07",
03/05/2026,Sim,,"2,10","2,37","0,00%","12,86%","R$ 1,00","1,37","R$ 1,37",Escobar FC vs Defensores de Belgrano VR,"R$ 0,13",
03/05/2026,Sim,,"2,15","2,50","0,00%","16,28%","R$ 1,00","1,50","R$ 1,50",CA Sarmiento de la Banda vs Defensores Puerto Vilelas,"R$ 0,16",
03/05/2026,Sim,,"2,32","2,50","0,00%","7,76%","R$ 1,00","1,50","-R$ 1,00",Juventud Antoniana vs San Martin Formosa,"R$ 0,08",
03/05/2026,Sim,,"2,12","2,20","0,00%","3,77%","R$ 1,00","1,20","-R$ 1,00",Berazategui vs CA Lugano,"R$ 0,04",
03/05/2026,Sim,,"1,91","2,20","0,00%","15,18%","R$ 1,00","1,20","R$ 1,20",Puerto Nuevo vs Club Leandro N. Alem,"R$ 0,15",
03/05/2026,Sim,,"1,91","2,00","0,00%","4,71%","R$ 1,00","1,00","R$ 1,00",Municipal Liberia vs Deportivo Saprissa,"R$ 0,05",
03/05/2026,Sim,,"2,10","2,10","0,00%","0,00%","R$ 1,00","1,10","-R$ 1,00",Gotham FC (W) vs Racing Louisville FC (W),"R$ 0,00",
03/05/2026,Sim,,"1,89","1,90","0,00%","0,53%","R$ 1,00","0,90","R$ 0,90",Juan Pablo II College vs Universitario de Deportes,"R$ 0,01",
03/05/2026,Sim,,"1,86","2,37","0,00%","27,42%","R$ 1,00","1,37","-R$ 1,00",Nacional AM vs Sao Raimundo RR,"R$ 0,27",
03/05/2026,Sim,,"2,20","2,25","0,00%","2,27%","R$ 1,00","1,25","-R$ 1,00",Sampaio Correa vs Maracanã,"R$ 0,02",
03/05/2026,Sim,,"1,88","2,00","0,00%","6,38%","R$ 1,00","1,00","R$ 1,00",Deportes Limache vs O'Higgins,"R$ 0,06",
04/05/2026,Sim,S,"1,81","2,25","0,00%","24,31%","R$ 1,00","1,25","R$ 1,25",NK Dugopolje vs HNK Cibalia,"R$ 0,24",
04/05/2026,Sim,,"2,03","2,00","0,00%","-1,48%","R$ 1,00","1,00","R$ 1,00",Shamrock Rovers vs Drogheda United,"-R$ 0,01",
04/05/2026,Sim,,"2,11","2,10","0,00%","-0,47%","R$ 1,00","1,10","R$ 1,10",Wadi Degla vs Kahraba Ismailia,"R$ 0,00",
04/05/2026,Sim,,"2,02","2,00","0,00%","-0,99%","R$ 1,00","1,00","-R$ 1,00",Al Shabab Seeb vs Al Rustaq,"-R$ 0,01",
04/05/2026,Sim,,"2,15","2,20","0,00%","2,33%","R$ 1,00","1,20","R$ 1,20",US Yacoub El Mansour vs RSB Berkane,"R$ 0,02",
04/05/2026,Sim,,"1,88","1,95","0,00%","3,72%","R$ 1,00","0,95","-R$ 1,00",Roma vs Fiorentina,"R$ 0,04",
04/05/2026,Sim,,"2,13","2,20","0,00%","3,29%","R$ 1,00","1,20","R$ 1,20",Gimnasia Mendoza vs Defensa y Justicia,"R$ 0,03",
04/05/2026,Sim,,"2,01","2,10","0,00%","4,48%","R$ 1,00","1,10","R$ 1,10",Vila Nova vs Athletic Club MG,"R$ 0,04",
04/05/2026,Sim,,"1,93","2,00","0,00%","3,63%","R$ 1,00","1,00","R$ 1,00",Retro vs Sergipe,"R$ 0,04",
04/05/2026,Sim,,"2,14","2,25","0,00%","5,14%","R$ 1,00","1,25","-R$ 1,00",Figueirense vs Barra SC,"R$ 0,05",
04/05/2026,Sim,,"2,33","2,50","0,00%","7,30%","R$ 1,00","1,50","R$ 1,50",Floresta vs Maranhao,"R$ 0,07",
04/05/2026,Sim,,"2,13","2,20","0,00%","3,29%","R$ 1,00","1,20","-R$ 1,00",Ypiranga RS vs Ituano,"R$ 0,03",
04/05/2026,Sim,,"1,83","1,90","0,00%","3,83%","R$ 1,00","0,90","R$ 0,90",Trem AP vs Imperatriz,"R$ 0,04",
05/05/2026,Sim,,"2,05","2,10","0,00%","2,44%","R$ 1,00","1,10","R$ 1,10",Chippa United vs Sekhukhune United,"R$ 0,02",
05/05/2026,Sim,,"2,12","2,62","0,00%","23,58%","R$ 1,00","1,62","R$ 1,62",Magesi FC vs Orbit College,"R$ 0,24",
05/05/2026,Sim,,"2,12","2,50","0,00%","17,92%","R$ 1,00","1,50","-R$ 1,00",Stellenbosch FC vs Orlando Pirates,"R$ 0,18",
05/05/2026,Sim,S,"1,74","2,00","0,00%","14,94%","R$ 1,00","1,00","-R$ 1,00",RKC vs Willem II,"R$ 0,15",
05/05/2026,Sim,,"2,32","2,37","0,00%","2,16%","R$ 1,00","1,37","-R$ 1,00",Deportivo Cuenca vs San Lorenzo,"R$ 0,02",
06/05/2026,Sim,,"2,33","2,37","0,00%","1,72%","R$ 1,00","1,37","R$ 1,37",Mamelodi Sundowns vs Kaizer Chiefs,"R$ 0,02",
06/05/2026,Sim,,"1,97","2,10","0,00%","6,60%","R$ 1,00","1,10","-R$ 1,00",ABC vs Juazeirense,"R$ 0,07",
06/05/2026,Sim,,"2,06","2,10","0,00%","1,94%","R$ 1,00","1,10","-R$ 1,00",Sport Recife vs ASA,"R$ 0,02",
06/05/2026,Sim,,"1,65","2,20","0,00%","33,33%","R$ 1,00","1,20","R$ 1,20",Aguia de Maraba vs Paysandu,"R$ 0,33",
06/05/2026,Sim,,"1,89","2,00","0,00%","5,82%","R$ 1,00","1,00","-R$ 1,00",Avai vs Sampaio Correa RJ,"R$ 0,06",
06/05/2026,Sim,,"2,02","2,10","0,00%","3,96%","R$ 1,00","1,10","R$ 1,10",Sao Bernardo vs Caxias,"R$ 0,04",
06/05/2026,Sim,,"1,97","2,00","0,00%","1,52%","R$ 1,00","1,00","R$ 1,00",Volta Redonda vs Novorizontino,"R$ 0,02",
06/05/2026,Sim,,"1,86","2,10","0,00%","12,90%","R$ 1,00","1,10","R$ 1,10",Nacional AM vs Porto Velho,"R$ 0,13",
06/05/2026,Sim,,"1,87","2,00","0,00%","6,95%","R$ 1,00","1,00","-R$ 1,00",Deportes Tolima vs Nacional De Football,"R$ 0,07",
07/05/2026,Sim,S,"2,15","2,75","0,00%","27,91%","R$ 1,00","1,75","-R$ 1,00",Talaea El Geish vs Ghazl El Mahallah,"R$ 0,28",
07/05/2026,Sim,,"2,23","2,50","0,00%","12,11%","R$ 1,00","1,50","R$ 1,50",Difaa El Jadida vs HUSA Agadir,"R$ 0,12",
07/05/2026,Sim,,"1,94","2,25","0,00%","15,98%","R$ 1,00","1,25","-R$ 1,00",FK Auda vs SC Grobinas,"R$ 0,16",
07/05/2026,Sim,,"2,13","2,37","0,00%","11,27%","R$ 1,00","1,37","R$ 1,37",FAR Rabat vs OC Safi,"R$ 0,11",
07/05/2026,Sim,,"2,08","2,20","0,00%","5,77%","R$ 1,00","1,20","R$ 1,20",Carabobo vs River Plate,"R$ 0,06",
07/05/2026,Sim,,"2,27","2,75","0,00%","21,15%","R$ 1,00","1,75","-R$ 1,00",Atletico Bucaramanga vs CD Real Santander,"R$ 0,21",
07/05/2026,Sim,,"1,86","2,05","0,00%","10,22%","R$ 1,00","1,05","-R$ 1,00",Junior vs Cerro Porteno,"R$ 0,10",
08/05/2026,Sim,,"2,64","3,00","0,00%","13,64%","R$ 1,00","2,00","-R$ 1,00",Al Moqawloon Al Arab vs El Gounah,"R$ 0,14",
08/05/2026,Sim,S,"1,86","1,90","0,00%","2,15%","R$ 1,00","0,90","-R$ 1,00",Sur SC vs Al Shabab Seeb,"R$ 0,02",
08/05/2026,Sim,,"2,03","2,20","0,00%","8,37%","R$ 1,00","1,20","-R$ 1,00",Olympique Akbou vs CR Belouizdad,"R$ 0,08",
08/05/2026,Sim,,"1,74","1,80","0,00%","3,45%","R$ 1,00","0,80","-R$ 1,00",Elfsborg vs Brommapojkarna,"R$ 0,03",
08/05/2026,Sim,,"2,23","2,50","0,00%","12,11%","R$ 1,00","1,50","-R$ 1,00",Durban City vs Stellenbosch FC,"R$ 0,12",
08/05/2026,Sim,,"1,39","1,57","0,00%","12,95%","R$ 1,00","0,57","-R$ 1,00",Njardvik vs Fylkir Reykjavik,"R$ 0,13",
08/05/2026,Sim,,"1,80","1,95","0,00%","8,33%","R$ 1,00","0,95","-R$ 1,00",Shelbourne vs Sligo Rovers,"R$ 0,08",
08/05/2026,Sim,,"1,95","2,00","0,00%","2,56%","R$ 1,00","1,00","-R$ 1,00",Avellino vs Modena,"R$ 0,03",
08/05/2026,Sim,,"1,93","2,05","0,00%","6,22%","R$ 1,00","1,05","R$ 1,05",Sudtirol vs Juve Stabia,"R$ 0,06",
08/05/2026,Sim,,"2,08","2,62","0,00%","25,96%","R$ 1,00","1,62","R$ 1,62",Kawkab Marrakech vs Renaissance Zemamra,"R$ 0,26",
08/05/2026,Sim,S,"1,79","2,05","0,00%","14,53%","R$ 1,00","1,05","-R$ 1,00",Hull vs Millwall,"R$ 0,15",
08/05/2026,Sim,,"2,15","2,20","0,00%","2,33%","R$ 1,00","1,20","R$ 1,20",Boca Juniors De Cali vs Alianza,"R$ 0,02",
08/05/2026,Sim,,"2,12","2,20","0,00%","3,77%","R$ 1,00","1,20","-R$ 1,00",Orense vs Leones FC,"R$ 0,04",
08/05/2026,Sim,,"2,39","2,50","0,00%","4,60%","R$ 1,00","1,50","-R$ 1,00",Cruzeiro (W) vs America MG (W),"R$ 0,05",
08/05/2026,Sim,,"2,27","2,37","0,00%","4,41%","R$ 1,00","1,37","R$ 1,37",Banfield vs San Martin de Tucuman,"R$ 0,04",
08/05/2026,Sim,,"1,90","1,90","0,00%","0,00%","R$ 1,00","0,90","R$ 0,90",Colorado Switchbacks FC vs Orange County SC,"R$ 0,00",
09/05/2026,Sim,,"2,40","2,50","0,00%","4,17%","R$ 1,00","1,50","-R$ 1,00",Gwangju FC vs Gangwon FC,"R$ 0,04",
09/05/2026,Sim,,"1,79","1,80","0,00%","0,56%","R$ 1,00","0,80","R$ 0,80",Shanghai Shenhua vs Chongqing Tonglianglong,"R$ 0,01",
09/05/2026,Sim,,"1,80","1,80","0,00%","0,00%","R$ 1,00","0,80","R$ 0,80",Hwaseong FC vs Suwon FC,"R$ 0,00",
09/05/2026,Sim,,"1,93","2,20","0,00%","13,99%","R$ 1,00","1,20","R$ 1,20",Chungbuk Cheongju vs Gimpo FC,"R$ 0,14",
09/05/2026,Sim,,"1,75","1,80","0,00%","2,86%","R$ 1,00","0,80","-R$ 1,00",Suwon Bluewings vs Daegu FC,"R$ 0,03",
09/05/2026,Sim,,"1,95","1,95","0,00%","0,00%","R$ 1,00","0,95","R$ 0,95",Mito Hollyhock vs Urawa Red Diamonds,"R$ 0,00",
09/05/2026,Sim,,"1,47","1,53","0,00%","4,08%","R$ 1,00","0,53","R$ 0,53",Hansa Rostock vs VfB Stuttgart II,"R$ 0,04",
09/05/2026,Sim,,"1,66","1,72","0,00%","3,61%","R$ 1,00","0,72","R$ 0,72",VfL Osnabruck vs SSV Ulm 1846,"R$ 0,04",
09/05/2026,Sim,,"1,73","1,83","0,00%","5,78%","R$ 1,00","0,83","-R$ 1,00",Middlesbrough vs Southampton,"R$ 0,06",
09/05/2026,Sim,,"1,64","1,66","0,00%","1,22%","R$ 1,00","0,66","R$ 0,66",Hornchurch FC vs Torquay,"R$ 0,01",
09/05/2026,Sim,,"1,90","1,90","0,00%","0,00%","R$ 1,00","0,90","R$ 0,90",FK Teplice vs Banik Ostrava,"R$ 0,00",
09/05/2026,Sim,,"1,58","1,66","0,00%","5,06%","R$ 1,00","0,66","R$ 0,66",Umea FC vs Gefle IF,"R$ 0,05",
09/05/2026,Sim,,"1,95","2,20","0,00%","12,82%","R$ 1,00","1,20","-R$ 1,00",FC Rukh Lviv vs FC Veres Rivne,"R$ 0,13",
09/05/2026,Sim,,"1,83","2,05","0,00%","12,02%","R$ 1,00","1,05","R$ 1,05",Grazer AK vs SCR Altach,"R$ 0,12",
09/05/2026,Sim,,"1,78","1,80","0,00%","1,12%","R$ 1,00","0,80","R$ 0,80",AEL Limassol vs Olympiakos Nicosia,"R$ 0,01",
09/05/2026,Sim,,"1,64","1,66","0,00%","1,22%","R$ 1,00","0,66","-R$ 1,00",SJK Akatemia vs JaPS,"R$ 0,01",
09/05/2026,Sim,S,"1,93","2,00","0,00%","3,63%","R$ 1,00","1,00","R$ 1,00",Larissa vs Asteras Tripolis,"R$ 0,04",
09/05/2026,Sim,S,"1,40","1,57","0,00%","12,14%","R$ 1,00","0,57","R$ 0,57",IF Vestri vs HK Kopavogur,"R$ 0,12",
09/05/2026,Sim,S,"1,71","2,00","0,00%","16,96%","R$ 1,00","1,00","R$ 1,00",Podhale Nowy Targ vs Chojniczanka Chojnice,"R$ 0,17",
09/05/2026,Sim,,"1,73","1,80","0,00%","4,05%","R$ 1,00","0,80","-R$ 1,00",Olimpia Grudziadz vs Rekord Bielsko-Biala,"R$ 0,04",
09/05/2026,Sim,,"1,84","2,20","0,00%","19,57%","R$ 1,00","1,20","R$ 1,20",Sevilla vs Espanyol,"R$ 0,20",
09/05/2026,Sim,S,"1,88","2,20","0,00%","17,02%","R$ 1,00","1,20","-R$ 1,00",Eibar (W) vs Alhama CF (W),"R$ 0,17",
09/05/2026,Sim,S,"1,73","1,90","0,00%","9,83%","R$ 1,00","0,90","-R$ 1,00",Aberdeen vs Dundee Utd,"R$ 0,10",
09/05/2026,Sim,S,"1,80","2,20","0,00%","22,22%","R$ 1,00","1,20","-R$ 1,00",Stevenage vs Stockport,"R$ 0,22",
09/05/2026,Sim,,"1,89","1,90","0,00%","0,53%","R$ 1,00","0,90","-R$ 1,00",Ferencvarosi TC vs Zalaegerszegi TE,"R$ 0,01",
09/05/2026,Sim,,"1,54","1,57","0,00%","1,95%","R$ 1,00","0,57","R$ 0,57",Bodo/Glimt vs SK Brann,"R$ 0,02",
09/05/2026,Sim,,"1,95","2,20","0,00%","12,82%","R$ 1,00","1,20","R$ 1,20",FK Zeleznicar Pancevo vs FK Radnik Surdulica,"R$ 0,13",
09/05/2026,Sim,,"1,58","1,61","0,00%","1,90%","R$ 1,00","0,61","R$ 0,61",FC Zurich vs Grasshoppers,"R$ 0,02",
09/05/2026,Sim,,"1,79","2,00","0,00%","11,73%","R$ 1,00","1,00","R$ 1,00",Obolon Kyiv vs Epitsentr Kamianets-Podilskyi,"R$ 0,12",
09/05/2026,Sim,,"1,98","2,10","0,00%","6,06%","R$ 1,00","1,10","-R$ 1,00",Reus FC Reddis vs UD Ourense,"R$ 0,06",
09/05/2026,Sim,,"2,00","2,75","0,00%","37,50%","R$ 1,00","1,75","-R$ 1,00",Magesi FC vs Orlando Pirates,"R$ 0,38",
09/05/2026,Sim,,"1,64","1,72","0,00%","4,88%","R$ 1,00","0,72","R$ 0,72",Stal Mielec vs Puszcza Niepolomice,"R$ 0,05",
09/05/2026,Sim,,"1,55","1,61","0,00%","3,87%","R$ 1,00","0,61","R$ 0,61",Znicz Pruszków vs Polonia Bytom,"R$ 0,04",
09/05/2026,Sim,,"1,87","1,90","0,00%","1,60%","R$ 1,00","0,90","-R$ 1,00",Tudelano vs Real Oviedo Vetusta,"R$ 0,02",
09/05/2026,Sim,,"2,47","3,00","0,00%","21,46%","R$ 1,00","2,00","-R$ 1,00",CD Moron vs Los Ande,"R$ 0,21",
09/05/2026,Sim,,"2,46","2,75","0,00%","11,79%","R$ 1,00","1,75","R$ 1,75",CA San Miguel vs CA Estudiantes Caseros,"R$ 0,12",
09/05/2026,Sim,,"2,19","2,50","0,00%","14,16%","R$ 1,00","1,50","-R$ 1,00",Talleres Remedios vs Villa San Carlos,"R$ 0,14",
09/05/2026,Sim,,"2,23","2,50","0,00%","12,11%","R$ 1,00","1,50","R$ 1,50",Deportivo Armenio vs Deportivo Camioneros,"R$ 0,12",
09/05/2026,Sim,,"2,42","2,50","0,00%","3,31%","R$ 1,00","1,50","-R$ 1,00",CSD Flandria vs Deportivo Merlo,"R$ 0,03",
09/05/2026,Sim,,"2,24","2,50","0,00%","11,61%","R$ 1,00","1,50","-R$ 1,00",Independiente Chivilcoy vs Club Atlético El Linqueño,"R$ 0,12",
09/05/2026,Sim,,"1,87","2,20","0,00%","17,65%","R$ 1,00","1,20","-R$ 1,00",Danubio vs Albion FC,"R$ 0,18",
09/05/2026,Sim,,"1,92","2,10","0,00%","9,38%","R$ 1,00","1,10","-R$ 1,00",Goias vs Vila Nova,"R$ 0,09",
09/05/2026,Sim,,"2,42","2,50","0,00%","3,31%","R$ 1,00","1,50","R$ 1,50",Maracanã vs Sampaio Correa,"R$ 0,03",
09/05/2026,Sim,,"2,04","2,37","0,00%","16,18%","R$ 1,00","1,37","-R$ 1,00",Madureira vs Portuguesa,"R$ 0,16",
09/05/2026,Sim,,"2,01","2,20","0,00%","9,45%","R$ 1,00","1,20","-R$ 1,00",Pouso Alegre vs America RJ,"R$ 0,09",
09/05/2026,Sim,,"1,94","1,95","0,00%","0,52%","R$ 1,00","0,95","-R$ 1,00",Bolton vs Bradford,"R$ 0,01",
09/05/2026,Sim,,"1,92","2,00","0,00%","4,17%","R$ 1,00","1,00","R$ 1,00",America de Cali vs Independiente Santa Fe,"R$ 0,04",
09/05/2026,Sim,,"1,87","2,00","0,00%","6,95%","R$ 1,00","1,00","-R$ 1,00",Central Espanol vs Racing Club de Montevideo,"R$ 0,07",
09/05/2026,Sim,,"1,85","2,20","0,00%","18,92%","R$ 1,00","1,20","R$ 1,20",Fluminense vs Vitoria,"R$ 0,19",
09/05/2026,Sim,,"1,96","2,10","0,00%","7,14%","R$ 1,00","1,10","-R$ 1,00",Itabaiana vs Floresta,"R$ 0,07",
09/05/2026,Sim,,"1,95","2,10","0,00%","7,69%","R$ 1,00","1,10","R$ 1,10",Paysandu vs Anapolis,"R$ 0,08",
09/05/2026,Sim,,"1,99","2,20","0,00%","10,55%","R$ 1,00","1,20","R$ 1,20",Maranhao vs Botafogo PB,"R$ 0,11",
09/05/2026,Sim,,"2,11","2,20","0,00%","4,27%","R$ 1,00","1,20","-R$ 1,00",Marica vs Noroeste,"R$ 0,04",
09/05/2026,Sim,,"2,40","2,62","0,00%","9,17%","R$ 1,00","1,62","R$ 1,62",Marcilio Dias vs Brasil de Pelotas,"R$ 0,09",
09/05/2026,Sim,,"2,08","2,25","0,00%","8,17%","R$ 1,00","1,25","-R$ 1,00",XV Piracicaba vs Sampaio Correa RJ,"R$ 0,08",
09/05/2026,Sim,,"1,89","1,90","0,00%","0,53%","R$ 1,00","0,90","R$ 0,90",Mixto (W) vs Bahia (W),"R$ 0,01",
09/05/2026,Sim,,"1,65","1,75","0,00%","6,06%","R$ 1,00","0,75","R$ 0,75",New England vs Philadelphia,"R$ 0,06",
09/05/2026,Sim,,"1,90","2,00","0,00%","5,26%","R$ 1,00","1,00","-R$ 1,00",Louisville City FC vs Pittsburgh Riverhounds,"R$ 0,05",
09/05/2026,Sim,,"2,26","2,50","0,00%","10,62%","R$ 1,00","1,50","R$ 1,50",Velo Clube vs Nova Iguacu,"R$ 0,11",
09/05/2026,Sim,S,"1,75","2,25","0,00%","28,57%","R$ 1,00","1,25","R$ 1,25",Angel City FC (W) vs San Diego Wave (W),"R$ 0,29",
09/05/2026,Sim,,"1,81","1,83","0,00%","1,10%","R$ 1,00","0,83","-R$ 1,00",Spokane Zephyr (W) vs DC Power (W),"R$ 0,01",
09/05/2026,Sim,,"2,04","2,10","0,00%","2,94%","R$ 1,00","1,10","R$ 1,10",Alianza Lima vs Sporting Cristal,"R$ 0,03",
10/05/2026,Sim,,"1,77","1,80","0,00%","1,69%","R$ 1,00","0,80","R$ 0,80",Dalian K'un City vs Guangdong GZ-Power,"R$ 0,02",
10/05/2026,Sim,,"2,04","2,10","0,00%","2,94%","R$ 1,00","1,10","R$ 1,10",Foshan Nanshi vs Suzhou Dongwu,"R$ 0,03",
10/05/2026,Sim,,"1,94","1,95","0,00%","0,52%","R$ 1,00","0,95","R$ 0,95",Shimizu S-Pulse vs Avispa Fukuoka,"R$ 0,01",
10/05/2026,Sim,,"1,93","2,00","0,00%","3,63%","R$ 1,00","1,00","-R$ 1,00",Vissel Kobe vs Fagiano Okayama,"R$ 0,04",
10/05/2026,Sim,,"1,95","2,10","0,00%","7,69%","R$ 1,00","1,10","R$ 1,10",FC Tokyo vs Tokyo Verdy,"R$ 0,08",
10/05/2026,Sim,,"1,70","2,00","0,00%","17,65%","R$ 1,00","1,00","-R$ 1,00",Tochigi SC vs Blaublitz Akita,"R$ 0,18",
10/05/2026,Sim,,"1,87","2,10","0,00%","12,30%","R$ 1,00","1,10","R$ 1,10",Tokushima Vortis vs Nara Club,"R$ 0,12",
10/05/2026,Sim,,"1,76","1,83","0,00%","3,98%","R$ 1,00","0,83","-R$ 1,00",Ehime FC vs Kataller Toyama,"R$ 0,04",
10/05/2026,Sim,,"2,32","2,75","0,00%","18,53%","R$ 1,00","1,75","R$ 1,75",Sevilla Atletico vs Eldense,"R$ 0,19",
10/05/2026,Sim,,"1,67","1,75","0,00%","4,79%","R$ 1,00","0,75","R$ 0,75",AIK vs Djurgarden,"R$ 0,05",
10/05/2026,Sim,,"1,84","2,00","0,00%","8,70%","R$ 1,00","1,00","-R$ 1,00",Kalmar FF vs Halmstad,"R$ 0,09",
10/05/2026,Sim,,"2,37","3,40","0,00%","43,46%","R$ 1,00","2,40","-R$ 1,00",SC Poltava vs Shakhtar Donetsk,"R$ 0,43",
10/05/2026,Sim,,"1,66","1,80","0,00%","8,43%","R$ 1,00","0,80","R$ 0,80",Baniyas SC vs Shabab Al Ahli Dubai,"R$ 0,08",
10/05/2026,Sim,,"1,87","2,00","0,00%","6,95%","R$ 1,00","1,00","R$ 1,00",Utebo vs Aguilas,"R$ 0,07",
10/05/2026,Sim,,"2,09","2,25","0,00%","7,66%","R$ 1,00","1,25","-R$ 1,00",Alcoyano vs UD San Sebastian Reyes,"R$ 0,08",
10/05/2026,Sim,,"1,94","2,00","0,00%","3,09%","R$ 1,00","1,00","-R$ 1,00",Coruxo vs Atletico Baleares,"R$ 0,03",
10/05/2026,Sim,,"2,06","2,10","0,00%","1,94%","R$ 1,00","1,10","R$ 1,10",Parma vs Roma,"R$ 0,02",
10/05/2026,Sim,,"1,54","1,61","0,00%","4,55%","R$ 1,00","0,61","-R$ 1,00",ND Primorje vs NS Mura,"R$ 0,05",
10/05/2026,Sim,,"2,19","2,37","0,00%","8,22%","R$ 1,00","1,37","R$ 1,37",AEK Athens vs Panathinaikos,"R$ 0,08",
10/05/2026,Sim,,"1,48","1,61","0,00%","8,78%","R$ 1,00","0,61","R$ 0,61",Moss vs Bryne,"R$ 0,09",
10/05/2026,Sim,,"2,06","2,10","0,00%","1,94%","R$ 1,00","1,10","R$ 1,10",FK Panevezys vs FK Kauno Zalgiris,"R$ 0,02",
10/05/2026,Sim,,"2,08","2,10","0,00%","0,96%","R$ 1,00","1,10","R$ 1,10",US Pianese vs Lecco,"R$ 0,01",
10/05/2026,Sim,,"2,31","2,50","0,00%","8,23%","R$ 1,00","1,50","-R$ 1,00",Agropecuario vs CA Atlanta,"R$ 0,08",
10/05/2026,Sim,,"2,31","2,37","0,00%","2,60%","R$ 1,00","1,37","-R$ 1,00",Argentino Quilmes vs CS Dock Sud,"R$ 0,03",
10/05/2026,Sim,,"2,31","2,50","0,00%","8,23%","R$ 1,00","1,50","R$ 1,50",Arsenal de Sarandi vs Real Pilar,"R$ 0,08",
10/05/2026,Sim,,"2,36","2,62","0,00%","11,02%","R$ 1,00","1,62","-R$ 1,00",Cipolletti vs Juventud Unida Universitario,"R$ 0,11",
10/05/2026,Sim,,"2,04","2,20","0,00%","7,84%","R$ 1,00","1,20","-R$ 1,00",Boca Unidos vs Sol de America de Formosa,"R$ 0,08",
10/05/2026,Sim,,"1,92","2,00","0,00%","4,17%","R$ 1,00","1,00","-R$ 1,00",Defensores de Belgrano VR vs CA 9 de Julio Rafaela,"R$ 0,04",
10/05/2026,Sim,,"2,01","2,62","0,00%","30,35%","R$ 1,00","1,62","R$ 1,62",CA Douglas Haig vs Atletico Escobar FC,"R$ 0,30",
10/05/2026,Sim,,"2,59","2,62","0,00%","1,16%","R$ 1,00","1,62","-R$ 1,00",Tucuman Central vs Juventud Antoniana,"R$ 0,01",
10/05/2026,Sim,,"2,44","2,62","0,00%","7,38%","R$ 1,00","1,62","R$ 1,62",San Martin Formosa vs CA Sarmiento de la Banda,"R$ 0,07",
10/05/2026,Sim,,"1,34","2,00","0,00%","49,25%","R$ 1,00","1,00","R$ 1,00",Coquimbo Unido vs Huachipato,"R$ 0,49",
10/05/2026,Sim,,"1,31","2,10","0,00%","60,31%","R$ 1,00","1,10","R$ 1,10",O'Higgins vs Everton de Vina,"R$ 0,60",
10/05/2026,Sim,,"1,31","1,90","0,00%","45,04%","R$ 1,00","0,90","-R$ 1,00",Union La Calera vs Universidad de Chile,"R$ 0,45",
10/05/2026,Sim,,"1,27","1,72","0,00%","35,43%","R$ 1,00","0,72","R$ 0,72",Universidad Catolica vs Nublense,"R$ 0,35",
10/05/2026,Sim,,"1,52","1,57","0,00%","3,29%","R$ 1,00","0,57","-R$ 1,00",New York City vs Columbus Crew,"R$ 0,03",
10/05/2026,Sim,,"1,67","1,80","0,00%","7,78%","R$ 1,00","0,80","R$ 0,80",LAFC vs Houston Dynamo,"R$ 0,08",
10/05/2026,Sim,,"1,83","1,90","0,00%","3,83%","R$ 1,00","0,90","R$ 0,90",Comerciantes Unidos vs FBC Melgar,"R$ 0,04",
10/05/2026,Sim,,"1,94","2,00","0,00%","3,09%","R$ 1,00","1,00","-R$ 1,00",Nacional De Football vs Cerro,"R$ 0,03",
10/05/2026,Sim,,"1,95","2,10","0,00%","7,69%","R$ 1,00","1,10","-R$ 1,00",Novorizontino vs Botafogo SP,"R$ 0,08",
10/05/2026,Sim,,"2,08","2,25","0,00%","8,17%","R$ 1,00","1,25","R$ 1,25",Portuguesa RJ vs Agua Santa,"R$ 0,08",
10/05/2026,Sim,,"2,21","2,37","0,00%","7,24%","R$ 1,00","1,37","-R$ 1,00",ASA vs Atletico Alagoinhas,"R$ 0,07",
10/05/2026,Sim,,"1,89","2,20","0,00%","16,40%","R$ 1,00","1,20","-R$ 1,00",Treze vs Decisao,"R$ 0,16",
10/05/2026,Sim,,"2,07","2,20","0,00%","6,28%","R$ 1,00","1,20","-R$ 1,00",Manauara vs GAS,"R$ 0,06",
10/05/2026,Sim,,"2,11","2,25","0,00%","6,64%","R$ 1,00","1,25","-R$ 1,00",Rionegro Aguilas v Jaguares de Cordoba,"R$ 0,07",
11/05/2026,Sim,,,,,#DIV/0!,,"0,00",,,#DIV/0!,
11/05/2026,Sim,,,,,#DIV/0!,,"0,00",,,#DIV/0!,
11/05/2026,Sim,,,,,#DIV/0!,,"0,00",,,#DIV/0!,
11/05/2026,Sim,,,,,#DIV/0!,,"0,00",,,#DIV/0!,
11/05/2026,Sim,,,,,#DIV/0!,,"0,00",,,#DIV/0!,
11/05/2026,Sim,,,,,#DIV/0!,,"0,00",,,#DIV/0!,
11/05/2026,Sim,,,,,#DIV/0!,,"0,00",,,#DIV/0!,
11/05/2026,Sim,,,,,#DIV/0!,,"0,00",,,#DIV/0!,
11/05/2026,Sim,,,,,#DIV/0!,,"0,00",,,#DIV/0!,
11/05/2026,Sim,,,,,#DIV/0!,,"0,00",,,#DIV/0!,
11/05/2026,Sim,,,,,#DIV/0!,,"0,00",,,#DIV/0!,
11/05/2026,Sim,,,,,#DIV/0!,,"0,00",,,#DIV/0!,